{"commitInfo":{"timestamp":1709672068568,"operation":"WRITE","operationParameters":{"mode":"ErrorIfExists","partitionBy":"[\"PartitionId\"]"},"isolationLevel":"Serializable","isBlindAppend":true,"operationMetrics":{"numFiles":"0","numOutputRows":"0","numOutputBytes":"0"},"engineInfo":"Apache-Spark/3.3.1.5.2-117504963 Delta-Lake/2.2.0.10","txnId":"e93ed42a-07db-407e-b7dd-8a65fb9f9915"}}
{"protocol":{"minReaderVersion":1,"minWriterVersion":2}}
{"metaData":{"id":"4f66d444-902c-4d5d-ab67-e38433e18843","format":{"provider":"parquet","options":{}},"schemaString":"{\"type\":\"struct\",\"fields\":[{\"name\":\"Id\",\"type\":\"string\",\"nullable\":true,\"metadata\":{}},{\"name\":\"SinkCreatedOn\",\"type\":\"timestamp\",\"nullable\":true,\"metadata\":{}},{\"name\":\"SinkModifiedOn\",\"type\":\"timestamp\",\"nullable\":true,\"metadata\":{}},{\"name\":\"accountstatement\",\"type\":\"long\",\"nullable\":true,\"metadata\":{}},{\"name\":\"affiliated_ru\",\"type\":\"long\",\"nullable\":true,\"metadata\":{}},{\"name\":\"blocked\",\"type\":\"long\",\"nullable\":true,\"metadata\":{}},{\"name\":\"companytype_mx\",\"type\":\"long\",\"nullable\":true,\"metadata\":{}},{\"name\":\"creditcardaddressverification\",\"type\":\"long\",\"nullable\":true,\"metadata\":{}},{\"name\":\"creditcardaddressverificationlevel\",\"type\":\"long\",\"nullable\":true,\"metadata\":{}},{\"name\":\"creditcardaddressverificationvoid\",\"type\":\"long\",\"nullable\":true,\"metadata\":{}},{\"name\":\"creditcardcvc\",\"type\":\"long\",\"nullable\":true,\"metadata\":{}},{\"name\":\"custexcludecollectionfee\",\"type\":\"long\",\"nullable\":true,\"metadata\":{}},{\"name\":\"custexcludeinterestcharges\",\"type\":\"long\",\"nullable\":true,\"metadata\":{}},{\"name\":\"custfinaluser_br\",\"type\":\"long\",\"nullable\":true,\"metadata\":{}},{\"name\":\"custwhtcontributiontype_br\",\"type\":\"long\",\"nullable\":true,\"metadata\":{}},{\"name\":\"einvoice\",\"type\":\"long\",\"nullable\":true,\"metadata\":{}},{\"name\":\"einvoiceattachment\",\"type\":\"long\",\"nullable\":true,\"metadata\":{}},{\"name\":\"entrycertificaterequired_w\",\"type\":\"long\",\"nullable\":true,\"metadata\":{}},{\"name\":\"exportsales_pl\",\"type\":\"long\",\"nullable\":true,\"metadata\":{}},{\"name\":\"expressbilloflading\",\"type\":\"long\",\"nullable\":true,\"metadata\":{}},{\"name\":\"fednonfedindicator\",\"type\":\"long\",\"nullable\":true,\"metadata\":{}},{\"name\":\"fiscaldoctype_pl\",\"type\":\"long\",\"nullable\":true,\"metadata\":{}},{\"name\":\"forecastdmpinclude\",\"type\":\"long\",\"nullable\":true,\"metadata\":{}},{\"name\":\"foreignresident_ru\",\"type\":\"long\",\"nullable\":true,\"metadata\":{}},{\"name\":\"generateincomingfiscaldocument_br\",\"type\":\"long\",\"nullable\":true,\"metadata\":{}},{\"name\":\"girotype\",\"type\":\"long\",\"nullable\":true,\"metadata\":{}},{\"name\":\"girotypeaccountstatement\",\"type\":\"long\",\"nullable\":true,\"metadata\":{}},{\"name\":\"girotypecollectionletter\",\"type\":\"long\",\"nullable\":true,\"metadata\":{}},{\"name\":\"girotypefreetextinvoice\",\"type\":\"long\",\"nullable\":true,\"metadata\":{}},{\"name\":\"girotypeinterestnote\",\"type\":\"long\",\"nullable\":true,\"metadata\":{}},{\"name\":\"girotypeprojinvoice\",\"type\":\"long\",\"nullable\":true,\"metadata\":{}},{\"name\":\"icmscontributor_br\",\"type\":\"long\",\"nullable\":true,\"metadata\":{}},{\"name\":\"incltax\",\"type\":\"long\",\"nullable\":true,\"metadata\":{}},{\"name\":\"intercompanyallowindirectcreation\",\"type\":\"long\",\"nullable\":true,\"metadata\":{}},{\"name\":\"intercompanyautocreateorders\",\"type\":\"long\",\"nullable\":true,\"metadata\":{}},{\"name\":\"intercompanydirectdelivery\",\"type\":\"long\",\"nullable\":true,\"metadata\":{}},{\"name\":\"inventprofiletype_ru\",\"type\":\"long\",\"nullable\":true,\"metadata\":{}},{\"name\":\"invoiceaddress\",\"type\":\"long\",\"nullable\":true,\"metadata\":{}},{\"name\":\"invoicepostingtype_ru\",\"type\":\"long\",\"nullable\":true,\"metadata\":{}},{\"name\":\"isresident_lv\",\"type\":\"long\",\"nullable\":true,\"metadata\":{}},{\"name\":\"issueownentrycertificate_w\",\"type\":\"long\",\"nullable\":true,\"metadata\":{}},{\"name\":\"mandatorycreditlimit\",\"type\":\"long\",\"nullable\":true,\"metadata\":{}},{\"name\":\"mandatoryvatdate_pl\",\"type\":\"long\",\"nullable\":true,\"metadata\":{}},{\"name\":\"onetimecustomer\",\"type\":\"long\",\"nullable\":true,\"metadata\":{}},{\"name\":\"packagedepositexcempt_pl\",\"type\":\"long\",\"nullable\":true,\"metadata\":{}},{\"name\":\"pdsfreightaccrued\",\"type\":\"long\",\"nullable\":true,\"metadata\":{}},{\"name\":\"rfidcasetagging\",\"type\":\"long\",\"nullable\":true,\"metadata\":{}},{\"name\":\"rfiditemtagging\",\"type\":\"long\",\"nullable\":true,\"metadata\":{}},{\"name\":\"rfidpallettagging\",\"type\":\"long\",\"nullable\":true,\"metadata\":{}},{\"name\":\"servicecodeondlvaddress_br\",\"type\":\"long\",\"nullable\":true,\"metadata\":{}},{\"name\":\"shipcarrierblindshipment\",\"type\":\"long\",\"nullable\":true,\"metadata\":{}},{\"name\":\"shipcarrierfuelsurcharge\",\"type\":\"long\",\"nullable\":true,\"metadata\":{}},{\"name\":\"suframa_br\",\"type\":\"long\",\"nullable\":true,\"metadata\":{}},{\"name\":\"suframapiscofins_br\",\"type\":\"long\",\"nullable\":true,\"metadata\":{}},{\"name\":\"taxwithholdcalculate_in\",\"type\":\"long\",\"nullable\":true,\"metadata\":{}},{\"name\":\"taxwithholdcalculate_th\",\"type\":\"long\",\"nullable\":true,\"metadata\":{}},{\"name\":\"unitedvatinvoice_lt\",\"type\":\"long\",\"nullable\":true,\"metadata\":{}},{\"name\":\"usecashdisc\",\"type\":\"long\",\"nullable\":true,\"metadata\":{}},{\"name\":\"usepurchrequest\",\"type\":\"long\",\"nullable\":true,\"metadata\":{}},{\"name\":\"websalesorderdisplay\",\"type\":\"long\",\"nullable\":true,\"metadata\":{}},{\"name\":\"einvoiceregister_it\",\"type\":\"long\",\"nullable\":true,\"metadata\":{}},{\"name\":\"presencetype_br\",\"type\":\"long\",\"nullable\":true,\"metadata\":{}},{\"name\":\"isexternallymaintained\",\"type\":\"long\",\"nullable\":true,\"metadata\":{}},{\"name\":\"cfdienabled_mx\",\"type\":\"long\",\"nullable\":true,\"metadata\":{}},{\"name\":\"foreigntrade_mx\",\"type\":\"long\",\"nullable\":true,\"metadata\":{}},{\"name\":\"workflowstate\",\"type\":\"long\",\"nullable\":true,\"metadata\":{}},{\"name\":\"useoriginaldocumentasfacture_ru\",\"type\":\"long\",\"nullable\":true,\"metadata\":{}},{\"name\":\"collectionlettercode\",\"type\":\"long\",\"nullable\":true,\"metadata\":{}},{\"name\":\"blockfloorlimituseinchannel\",\"type\":\"long\",\"nullable\":true,\"metadata\":{}},{\"name\":\"cfdiskipiepstaxes_mx\",\"type\":\"long\",\"nullable\":true,\"metadata\":{}},{\"name\":\"simplifytaxintgrexportdocvalidation_cn\",\"type\":\"long\",\"nullable\":true,\"metadata\":{}},{\"name\":\"simplenational_br\",\"type\":\"long\",\"nullable\":true,\"metadata\":{}},{\"name\":\"vatnumtabletype\",\"type\":\"long\",\"nullable\":true,\"metadata\":{}},{\"name\":\"overridesalestax\",\"type\":\"long\",\"nullable\":true,\"metadata\":{}},{\"name\":\"usualexporter_it\",\"type\":\"long\",\"nullable\":true,\"metadata\":{}},{\"name\":\"ispublicsector_it\",\"type\":\"long\",\"nullable\":true,\"metadata\":{}},{\"name\":\"simplifytaxintgrexporttaxregvalidation_cn\",\"type\":\"long\",\"nullable\":true,\"metadata\":{}},{\"name\":\"printdynamicqrcode_in\",\"type\":\"long\",\"nullable\":true,\"metadata\":{}},{\"name\":\"invoicetype_w\",\"type\":\"long\",\"nullable\":true,\"metadata\":{}},{\"name\":\"cfditemporaryexport_mx\",\"type\":\"long\",\"nullable\":true,\"metadata\":{}},{\"name\":\"credmanexclude\",\"type\":\"long\",\"nullable\":true,\"metadata\":{}},{\"name\":\"credmantitleheld\",\"type\":\"long\",\"nullable\":true,\"metadata\":{}},{\"name\":\"credmanwithagency\",\"type\":\"long\",\"nullable\":true,\"metadata\":{}},{\"name\":\"credmancustunlimitedcredit\",\"type\":\"long\",\"nullable\":true,\"metadata\":{}},{\"name\":\"revrecdisableintercompany\",\"type\":\"long\",\"nullable\":true,\"metadata\":{}},{\"name\":\"sysdatastatecode\",\"type\":\"long\",\"nullable\":true,\"metadata\":{}},{\"name\":\"paymtermid\",\"type\":\"string\",\"nullable\":true,\"metadata\":{}},{\"name\":\"linedisc\",\"type\":\"string\",\"nullable\":true,\"metadata\":{}},{\"name\":\"taxwithholdgroup_th\",\"type\":\"string\",\"nullable\":true,\"metadata\":{}},{\"name\":\"partycountry\",\"type\":\"string\",\"nullable\":true,\"metadata\":{}},{\"name\":\"accountnum\",\"type\":\"string\",\"nullable\":true,\"metadata\":{}},{\"name\":\"agencylocationcode\",\"type\":\"string\",\"nullable\":true,\"metadata\":{}},{\"name\":\"bankaccount\",\"type\":\"string\",\"nullable\":true,\"metadata\":{}},{\"name\":\"bankcentralbankpurposecode\",\"type\":\"string\",\"nullable\":true,\"metadata\":{}},{\"name\":\"bankcentralbankpurposetext\",\"type\":\"string\",\"nullable\":true,\"metadata\":{}},{\"name\":\"bankcustpaymidtable\",\"type\":\"long\",\"nullable\":true,\"metadata\":{}},{\"name\":\"cashdisc\",\"type\":\"string\",\"nullable\":true,\"metadata\":{}},{\"name\":\"cashdiscbasedays\",\"type\":\"long\",\"nullable\":true,\"metadata\":{}},{\"name\":\"ccmnum_br\",\"type\":\"string\",\"nullable\":true,\"metadata\":{}},{\"name\":\"clearingperiod\",\"type\":\"string\",\"nullable\":true,\"metadata\":{}},{\"name\":\"cnae_br\",\"type\":\"string\",\"nullable\":true,\"metadata\":{}},{\"name\":\"cnpjcpfnum_br\",\"type\":\"string\",\"nullable\":true,\"metadata\":{}},{\"name\":\"commercialregister\",\"type\":\"string\",\"nullable\":true,\"metadata\":{}},{\"name\":\"commercialregisterinsetnumber\",\"type\":\"string\",\"nullable\":true,\"metadata\":{}},{\"name\":\"commercialregistersection\",\"type\":\"string\",\"nullable\":true,\"metadata\":{}},{\"name\":\"commissiongroup\",\"type\":\"string\",\"nullable\":true,\"metadata\":{}},{\"name\":\"companychainid\",\"type\":\"string\",\"nullable\":true,\"metadata\":{}},{\"name\":\"companyidsiret\",\"type\":\"string\",\"nullable\":true,\"metadata\":{}},{\"name\":\"companynafcode\",\"type\":\"long\",\"nullable\":true,\"metadata\":{}},{\"name\":\"consday_jp\",\"type\":\"long\",\"nullable\":true,\"metadata\":{}},{\"name\":\"contactpersonid\",\"type\":\"string\",\"nullable\":true,\"metadata\":{}},{\"name\":\"creditmax\",\"type\":\"decimal(38,6)\",\"nullable\":true,\"metadata\":{}},{\"name\":\"creditrating\",\"type\":\"string\",\"nullable\":true,\"metadata\":{}},{\"name\":\"curp_mx\",\"type\":\"string\",\"nullable\":true,\"metadata\":{}},{\"name\":\"currency\",\"type\":\"string\",\"nullable\":true,\"metadata\":{}},{\"name\":\"custclassificationid\",\"type\":\"string\",\"nullable\":true,\"metadata\":{}},{\"name\":\"custgroup\",\"type\":\"string\",\"nullable\":true,\"metadata\":{}},{\"name\":\"custitemgroupid\",\"type\":\"string\",\"nullable\":true,\"metadata\":{}},{\"name\":\"custtradingpartnercode\",\"type\":\"long\",\"nullable\":true,\"metadata\":{}},{\"name\":\"defaultdimension\",\"type\":\"long\",\"nullable\":true,\"metadata\":{}},{\"name\":\"defaultdirectdebitmandate\",\"type\":\"long\",\"nullable\":true,\"metadata\":{}},{\"name\":\"defaultinventstatusid\",\"type\":\"string\",\"nullable\":true,\"metadata\":{}},{\"name\":\"destinationcodeid\",\"type\":\"string\",\"nullable\":true,\"metadata\":{}},{\"name\":\"dlvmode\",\"type\":\"string\",\"nullable\":true,\"metadata\":{}},{\"name\":\"dlvreason\",\"type\":\"string\",\"nullable\":true,\"metadata\":{}},{\"name\":\"dlvterm\",\"type\":\"string\",\"nullable\":true,\"metadata\":{}},{\"name\":\"einvoiceeannum\",\"type\":\"string\",\"nullable\":true,\"metadata\":{}},{\"name\":\"enddisc\",\"type\":\"string\",\"nullable\":true,\"metadata\":{}},{\"name\":\"enterprisenumber\",\"type\":\"string\",\"nullable\":true,\"metadata\":{}},{\"name\":\"factoringaccount\",\"type\":\"string\",\"nullable\":true,\"metadata\":{}},{\"name\":\"federalcomments\",\"type\":\"string\",\"nullable\":true,\"metadata\":{}},{\"name\":\"finecode_br\",\"type\":\"string\",\"nullable\":true,\"metadata\":{}},{\"name\":\"fiscalcode\",\"type\":\"string\",\"nullable\":true,\"metadata\":{}},{\"name\":\"freightzone\",\"type\":\"string\",\"nullable\":true,\"metadata\":{}},{\"name\":\"ienum_br\",\"type\":\"string\",\"nullable\":true,\"metadata\":{}},{\"name\":\"insscei_br\",\"type\":\"string\",\"nullable\":true,\"metadata\":{}},{\"name\":\"intbank_lv\",\"type\":\"string\",\"nullable\":true,\"metadata\":{}},{\"name\":\"interestcode_br\",\"type\":\"string\",\"nullable\":true,\"metadata\":{}},{\"name\":\"inventlocation\",\"type\":\"string\",\"nullable\":true,\"metadata\":{}},{\"name\":\"inventprofileid_ru\",\"type\":\"string\",\"nullable\":true,\"metadata\":{}},{\"name\":\"inventsiteid\",\"type\":\"string\",\"nullable\":true,\"metadata\":{}},{\"name\":\"invoiceaccount\",\"type\":\"string\",\"nullable\":true,\"metadata\":{}},{\"name\":\"issuercountry_hu\",\"type\":\"string\",\"nullable\":true,\"metadata\":{}},{\"name\":\"lineofbusinessid\",\"type\":\"string\",\"nullable\":true,\"metadata\":{}},{\"name\":\"lvpaymtranscodes\",\"type\":\"long\",\"nullable\":true,\"metadata\":{}},{\"name\":\"maincontactworker\",\"type\":\"long\",\"nullable\":true,\"metadata\":{}},{\"name\":\"markupgroup\",\"type\":\"string\",\"nullable\":true,\"metadata\":{}},{\"name\":\"mcrmergedparent\",\"type\":\"string\",\"nullable\":true,\"metadata\":{}},{\"name\":\"mcrmergedroot\",\"type\":\"string\",\"nullable\":true,\"metadata\":{}},{\"name\":\"memo\",\"type\":\"string\",\"nullable\":true,\"metadata\":{}},{\"name\":\"multilinedisc\",\"type\":\"string\",\"nullable\":true,\"metadata\":{}},{\"name\":\"nit_br\",\"type\":\"string\",\"nullable\":true,\"metadata\":{}},{\"name\":\"numbersequencegroup\",\"type\":\"string\",\"nullable\":true,\"metadata\":{}},{\"name\":\"orderentrydeadlinegroupid\",\"type\":\"string\",\"nullable\":true,\"metadata\":{}},{\"name\":\"orgid\",\"type\":\"string\",\"nullable\":true,\"metadata\":{}},{\"name\":\"ouraccountnum\",\"type\":\"string\",\"nullable\":true,\"metadata\":{}},{\"name\":\"packedextensions\",\"type\":\"string\",\"nullable\":true,\"metadata\":{}},{\"name\":\"packmaterialfeelicensenum\",\"type\":\"string\",\"nullable\":true,\"metadata\":{}},{\"name\":\"party\",\"type\":\"long\",\"nullable\":true,\"metadata\":{}},{\"name\":\"partystate\",\"type\":\"string\",\"nullable\":true,\"metadata\":{}},{\"name\":\"paymdayid\",\"type\":\"string\",\"nullable\":true,\"metadata\":{}},{\"name\":\"paymentreference_ee\",\"type\":\"string\",\"nullable\":true,\"metadata\":{}},{\"name\":\"paymidtype\",\"type\":\"string\",\"nullable\":true,\"metadata\":{}},{\"name\":\"paymmode\",\"type\":\"string\",\"nullable\":true,\"metadata\":{}},{\"name\":\"paymsched\",\"type\":\"string\",\"nullable\":true,\"metadata\":{}},{\"name\":\"paymspec\",\"type\":\"string\",\"nullable\":true,\"metadata\":{}},{\"name\":\"pdscustrebategroupid\",\"type\":\"string\",\"nullable\":true,\"metadata\":{}},{\"name\":\"pdsrebatetmagroup\",\"type\":\"string\",\"nullable\":true,\"metadata\":{}},{\"name\":\"pricegroup\",\"type\":\"string\",\"nullable\":true,\"metadata\":{}},{\"name\":\"residenceforeigncountryregionid_it\",\"type\":\"string\",\"nullable\":true,\"metadata\":{}},{\"name\":\"rfc_mx\",\"type\":\"string\",\"nullable\":true,\"metadata\":{}},{\"name\":\"salescalendarid\",\"type\":\"string\",\"nullable\":true,\"metadata\":{}},{\"name\":\"salesdistrictid\",\"type\":\"string\",\"nullable\":true,\"metadata\":{}},{\"name\":\"salesgroup\",\"type\":\"string\",\"nullable\":true,\"metadata\":{}},{\"name\":\"salespoolid\",\"type\":\"string\",\"nullable\":true,\"metadata\":{}},{\"name\":\"segmentid\",\"type\":\"string\",\"nullable\":true,\"metadata\":{}},{\"name\":\"shipcarrieraccount\",\"type\":\"string\",\"nullable\":true,\"metadata\":{}},{\"name\":\"shipcarrieraccountcode\",\"type\":\"string\",\"nullable\":true,\"metadata\":{}},{\"name\":\"shipcarrierid\",\"type\":\"string\",\"nullable\":true,\"metadata\":{}},{\"name\":\"stateinscription_mx\",\"type\":\"string\",\"nullable\":true,\"metadata\":{}},{\"name\":\"statisticsgroup\",\"type\":\"string\",\"nullable\":true,\"metadata\":{}},{\"name\":\"subsegmentid\",\"type\":\"string\",\"nullable\":true,\"metadata\":{}},{\"name\":\"suframanumber_br\",\"type\":\"string\",\"nullable\":true,\"metadata\":{}},{\"name\":\"suppitemgroupid\",\"type\":\"string\",\"nullable\":true,\"metadata\":{}},{\"name\":\"taxgroup\",\"type\":\"string\",\"nullable\":true,\"metadata\":{}},{\"name\":\"taxperiodpaymentcode_pl\",\"type\":\"string\",\"nullable\":true,\"metadata\":{}},{\"name\":\"vatnum\",\"type\":\"string\",\"nullable\":true,\"metadata\":{}},{\"name\":\"vendaccount\",\"type\":\"string\",\"nullable\":true,\"metadata\":{}},{\"name\":\"authorityoffice_it\",\"type\":\"string\",\"nullable\":true,\"metadata\":{}},{\"name\":\"foreignerid_br\",\"type\":\"string\",\"nullable\":true,\"metadata\":{}},{\"name\":\"taxgstreliefgroupheading_my\",\"type\":\"long\",\"nullable\":true,\"metadata\":{}},{\"name\":\"foreigntaxregistration_mx\",\"type\":\"string\",\"nullable\":true,\"metadata\":{}},{\"name\":\"custwriteoffrefrecid\",\"type\":\"long\",\"nullable\":true,\"metadata\":{}},{\"name\":\"regnum_w\",\"type\":\"string\",\"nullable\":true,\"metadata\":{}},{\"name\":\"enterprisecode\",\"type\":\"string\",\"nullable\":true,\"metadata\":{}},{\"name\":\"taxbordernumber_fi\",\"type\":\"string\",\"nullable\":true,\"metadata\":{}},{\"name\":\"birthdate_it\",\"type\":\"timestamp\",\"nullable\":true,\"metadata\":{}},{\"name\":\"satpaymmethod_mx\",\"type\":\"string\",\"nullable\":true,\"metadata\":{}},{\"name\":\"satpurpose_mx\",\"type\":\"string\",\"nullable\":true,\"metadata\":{}},{\"name\":\"vatnumrecid\",\"type\":\"long\",\"nullable\":true,\"metadata\":{}},{\"name\":\"freenotesgroup_it\",\"type\":\"string\",\"nullable\":true,\"metadata\":{}},{\"name\":\"taxregimecode_mx\",\"type\":\"string\",\"nullable\":true,\"metadata\":{}},{\"name\":\"satregistrationname_mx\",\"type\":\"string\",\"nullable\":true,\"metadata\":{}},{\"name\":\"credmaneligiblecreditlimitdate\",\"type\":\"timestamp\",\"nullable\":true,\"metadata\":{}},{\"name\":\"credmangroupid\",\"type\":\"string\",\"nullable\":true,\"metadata\":{}},{\"name\":\"credmannotes\",\"type\":\"string\",\"nullable\":true,\"metadata\":{}},{\"name\":\"credmanaccountstatusid\",\"type\":\"string\",\"nullable\":true,\"metadata\":{}},{\"name\":\"credmaneligiblecreditmax\",\"type\":\"decimal(38,6)\",\"nullable\":true,\"metadata\":{}},{\"name\":\"credmanbusinessstarted\",\"type\":\"timestamp\",\"nullable\":true,\"metadata\":{}},{\"name\":\"credmancustcreditmaxalt\",\"type\":\"decimal(38,6)\",\"nullable\":true,\"metadata\":{}},{\"name\":\"credmaneligiblecreditlimitcurrency\",\"type\":\"string\",\"nullable\":true,\"metadata\":{}},{\"name\":\"credmancustomersince\",\"type\":\"timestamp\",\"nullable\":true,\"metadata\":{}},{\"name\":\"credmanstatusreasonid\",\"type\":\"string\",\"nullable\":true,\"metadata\":{}},{\"name\":\"credmancollectiongroupid\",\"type\":\"string\",\"nullable\":true,\"metadata\":{}},{\"name\":\"credmancreditlimitexpirydate\",\"type\":\"timestamp\",\"nullable\":true,\"metadata\":{}},{\"name\":\"credmancreditlimitdate\",\"type\":\"timestamp\",\"nullable\":true,\"metadata\":{}},{\"name\":\"credmanlastreviewdate\",\"type\":\"timestamp\",\"nullable\":true,\"metadata\":{}},{\"name\":\"credmannextschedreviewdate\",\"type\":\"timestamp\",\"nullable\":true,\"metadata\":{}},{\"name\":\"modifieddatetime\",\"type\":\"timestamp\",\"nullable\":true,\"metadata\":{}},{\"name\":\"modifiedby\",\"type\":\"string\",\"nullable\":true,\"metadata\":{}},{\"name\":\"modifiedtransactionid\",\"type\":\"long\",\"nullable\":true,\"metadata\":{}},{\"name\":\"createddatetime\",\"type\":\"timestamp\",\"nullable\":true,\"metadata\":{}},{\"name\":\"createdby\",\"type\":\"string\",\"nullable\":true,\"metadata\":{}},{\"name\":\"createdtransactionid\",\"type\":\"long\",\"nullable\":true,\"metadata\":{}},{\"name\":\"dataareaid\",\"type\":\"string\",\"nullable\":true,\"metadata\":{}},{\"name\":\"recversion\",\"type\":\"long\",\"nullable\":true,\"metadata\":{}},{\"name\":\"partition\",\"type\":\"long\",\"nullable\":true,\"metadata\":{}},{\"name\":\"sysrowversion\",\"type\":\"long\",\"nullable\":true,\"metadata\":{}},{\"name\":\"recid\",\"type\":\"long\",\"nullable\":true,\"metadata\":{}},{\"name\":\"tableid\",\"type\":\"long\",\"nullable\":true,\"metadata\":{}},{\"name\":\"versionnumber\",\"type\":\"long\",\"nullable\":true,\"metadata\":{}},{\"name\":\"createdon\",\"type\":\"timestamp\",\"nullable\":true,\"metadata\":{}},{\"name\":\"modifiedon\",\"type\":\"timestamp\",\"nullable\":true,\"metadata\":{}},{\"name\":\"IsDelete\",\"type\":\"boolean\",\"nullable\":true,\"metadata\":{}},{\"name\":\"createdonpartition\",\"type\":\"string\",\"nullable\":true,\"metadata\":{}},{\"name\":\"PartitionId\",\"type\":\"string\",\"nullable\":true,\"metadata\":{}}]}","partitionColumns":["PartitionId"],"configuration":{},"createdTime":1709672064831}}
