{"commitInfo":{"timestamp":1709759470812,"operation":"WRITE","operationParameters":{"mode":"Overwrite","partitionBy":"[]"},"readVersion":0,"isolationLevel":"SnapshotIsolation","isBlindAppend":false,"operationMetrics":{"numFiles":"2","numOutputRows":"9194","numOutputBytes":"146855"},"engineInfo":"Apache-Spark/3.3.1.5.2-117504963 Delta-Lake/2.2.0.10","txnId":"6c0b84d8-b91c-4602-8713-09f3495d898b"}}
{"add":{"path":"PartitionId=2019/part-00000-2ac91a3f-6ef5-4e54-ac96-d03847994564.c000.snappy.parquet","partitionValues":{"PartitionId":"2019"},"size":138923,"modificationTime":1709759470184,"dataChange":false,"stats":"{\"numRecords\":9188,\"minValues\":{\"Id\":\"000025e3-0000-0000-0007-01410500\",\"SinkCreatedOn\":\"2024-03-05T22:44:23.303Z\",\"SinkModifiedOn\":\"2024-03-05T22:44:23.303Z\",\"sysdatastatecode\":0,\"dimensionattributevalue\":22565422638,\"dimensionattributevalueset\":22565421975,\"displayvalue\":\"00000001\",\"modifieddatetime\":\"2021-02-20T09:50:32.000Z\",\"modifiedby\":\"Admin\",\"modifiedtransactionid\":35656928090,\"createddatetime\":\"2019-05-09T04:07:49.000Z\",\"createdby\":\"?\",\"createdtransactionid\":0,\"recversion\":0,\"partition\":5637144576,\"sysrowversion\":0,\"recid\":22565422022,\"tableid\":9699,\"versionnumber\":0,\"createdon\":\"2019-05-09T04:07:49.000Z\",\"modifiedon\":\"2021-02-20T09:50:32.000Z\",\"createdonpartition\":\"2024-03-05T21.17.34Z\"},\"maxValues\":{\"Id\":\"000025e3-0000-0000-ffa4-01410500�\",\"SinkCreatedOn\":\"2024-03-05T22:44:23.303Z\",\"SinkModifiedOn\":\"2024-03-05T22:44:23.303Z\",\"sysdatastatecode\":0,\"dimensionattributevalue\":68719512564,\"dimensionattributevalueset\":68719487324,\"displayvalue\":\"Товары\",\"modifieddatetime\":\"2021-02-20T09:50:34.000Z\",\"modifiedby\":\"Admin\",\"modifiedtransactionid\":35656928090,\"createddatetime\":\"2019-08-15T18:37:28.000Z\",\"createdby\":\"Admin\",\"createdtransactionid\":0,\"recversion\":0,\"partition\":5637144576,\"sysrowversion\":0,\"recid\":68719494687,\"tableid\":9699,\"versionnumber\":0,\"createdon\":\"2019-08-15T18:37:28.000Z\",\"modifiedon\":\"2021-02-20T09:50:34.000Z\",\"createdonpartition\":\"2024-03-05T21.17.34Z\"},\"nullCount\":{\"Id\":0,\"SinkCreatedOn\":0,\"SinkModifiedOn\":0,\"sysdatastatecode\":0,\"dimensionattributevalue\":0,\"dimensionattributevalueset\":0,\"displayvalue\":1,\"backingrecorddataareaid\":9188,\"modifieddatetime\":0,\"modifiedby\":0,\"modifiedtransactionid\":0,\"createddatetime\":0,\"createdby\":0,\"createdtransactionid\":0,\"dataareaid\":9188,\"recversion\":0,\"partition\":0,\"sysrowversion\":0,\"recid\":0,\"tableid\":0,\"versionnumber\":0,\"createdon\":0,\"modifiedon\":0,\"IsDelete\":9188,\"createdonpartition\":0}}","tags":{}}}
{"add":{"path":"PartitionId=2021/part-00001-44ff6f1a-c550-450f-b0c8-ae75731c33a3.c000.snappy.parquet","partitionValues":{"PartitionId":"2021"},"size":7932,"modificationTime":1709759469762,"dataChange":false,"stats":"{\"numRecords\":6,\"minValues\":{\"Id\":\"000025e3-0000-0000-4569-00001000\",\"SinkCreatedOn\":\"2024-03-05T22:44:23.303Z\",\"SinkModifiedOn\":\"2024-03-05T22:44:23.303Z\",\"sysdatastatecode\":0,\"dimensionattributevalue\":22565424663,\"dimensionattributevalueset\":68719496324,\"displayvalue\":\"000017\",\"modifieddatetime\":\"2021-02-20T09:50:34.000Z\",\"modifiedby\":\"Admin\",\"modifiedtransactionid\":0,\"createddatetime\":\"2021-01-08T00:43:16.000Z\",\"createdby\":\"Admin\",\"createdtransactionid\":0,\"recversion\":0,\"partition\":5637144576,\"sysrowversion\":0,\"recid\":68719503685,\"tableid\":9699,\"versionnumber\":0,\"createdon\":\"2021-01-08T00:43:16.000Z\",\"modifiedon\":\"2021-02-20T09:50:34.000Z\",\"createdonpartition\":\"2024-03-05T21.17.34Z\"},\"maxValues\":{\"Id\":\"000025e3-0000-0000-4a69-00001000�\",\"SinkCreatedOn\":\"2024-03-05T22:44:23.303Z\",\"SinkModifiedOn\":\"2024-03-05T22:44:23.303Z\",\"sysdatastatecode\":0,\"dimensionattributevalue\":68719527583,\"dimensionattributevalueset\":68719496326,\"displayvalue\":\"RJ-01\",\"modifieddatetime\":\"2021-09-20T06:43:18.000Z\",\"modifiedby\":\"RetailServiceAccount\",\"modifiedtransactionid\":35656928090,\"createddatetime\":\"2021-09-20T06:43:18.000Z\",\"createdby\":\"RetailServiceAccount\",\"createdtransactionid\":0,\"recversion\":0,\"partition\":5637144576,\"sysrowversion\":0,\"recid\":68719503690,\"tableid\":9699,\"versionnumber\":0,\"createdon\":\"2021-09-20T06:43:18.000Z\",\"modifiedon\":\"2021-09-20T06:43:18.000Z\",\"createdonpartition\":\"2024-03-05T21.17.34Z\"},\"nullCount\":{\"Id\":0,\"SinkCreatedOn\":0,\"SinkModifiedOn\":0,\"sysdatastatecode\":0,\"dimensionattributevalue\":0,\"dimensionattributevalueset\":0,\"displayvalue\":0,\"backingrecorddataareaid\":6,\"modifieddatetime\":0,\"modifiedby\":0,\"modifiedtransactionid\":0,\"createddatetime\":0,\"createdby\":0,\"createdtransactionid\":0,\"dataareaid\":6,\"recversion\":0,\"partition\":0,\"sysrowversion\":0,\"recid\":0,\"tableid\":0,\"versionnumber\":0,\"createdon\":0,\"modifiedon\":0,\"IsDelete\":6,\"createdonpartition\":0}}","tags":{}}}
{"remove":{"path":"PartitionId=2019/part-00000-8ae597ae-4978-4fd3-89d2-031abe81b5e7.c000.snappy.parquet","deletionTimestamp":1709759470812,"dataChange":false,"extendedFileMetadata":true,"partitionValues":{"PartitionId":"2019"},"size":138923,"tags":{}}}
{"remove":{"path":"PartitionId=2021/part-00001-8f2fb65a-d999-4a18-98fc-979eaf4c7395.c000.snappy.parquet","deletionTimestamp":1709759470812,"dataChange":false,"extendedFileMetadata":true,"partitionValues":{"PartitionId":"2021"},"size":7932,"tags":{}}}
