{"commitInfo":{"timestamp":1709759530616,"operation":"WRITE","operationParameters":{"mode":"Overwrite","partitionBy":"[]"},"readVersion":8,"isolationLevel":"SnapshotIsolation","isBlindAppend":false,"operationMetrics":{"numFiles":"5","numOutputRows":"1146","numOutputBytes":"51844"},"engineInfo":"Apache-Spark/3.3.1.5.2-117504963 Delta-Lake/2.2.0.10","txnId":"d2c577ed-8ec7-472b-b177-7ca7983ec0f2"}}
{"add":{"path":"part-00000-1fea5f85-6aac-4c76-a65d-c018ff6dd304-c000.snappy.parquet","partitionValues":{},"size":10153,"modificationTime":1709759529722,"dataChange":false,"stats":"{\"numRecords\":229,\"minValues\":{\"OptionSetName\":\"abccontributionmargin\",\"Option\":0,\"LocalizedLabelLanguageCode\":1033,\"LocalizedLabel\":\"(GMT+01:00) Belgrade, Bratislava\",\"EntityName\":\"companyinfo\",\"ExternalValue\":\"ATIN\",\"createdonpartition\":\"2024-03-06 10:09.22\"},\"maxValues\":{\"OptionSetName\":\"workflowstate\",\"Option\":83,\"LocalizedLabelLanguageCode\":1033,\"LocalizedLabel\":\"Yes\",\"EntityName\":\"vendtable\",\"ExternalValue\":\"Yes\",\"createdonpartition\":\"2024-03-06 10:09.22\"},\"nullCount\":{\"OptionSetName\":0,\"Option\":0,\"IsUserLocalizedLabel\":0,\"LocalizedLabelLanguageCode\":0,\"LocalizedLabel\":6,\"GlobalOptionSetName\":229,\"EntityName\":0,\"ExternalValue\":0,\"createdonpartition\":0}}","tags":{}}}
{"add":{"path":"part-00001-47e705c3-8559-4d7e-be24-6a2f08f2743c-c000.snappy.parquet","partitionValues":{},"size":10175,"modificationTime":1709759529503,"dataChange":false,"stats":"{\"numRecords\":229,\"minValues\":{\"OptionSetName\":\"abccontributionmargin\",\"Option\":0,\"LocalizedLabelLanguageCode\":1033,\"LocalizedLabel\":\"(GMT+01:00) Brussels, Copenhagen\",\"EntityName\":\"companyinfo\",\"ExternalValue\":\"A\",\"createdonpartition\":\"2024-03-06 10:09.22\"},\"maxValues\":{\"OptionSetName\":\"workflowstate\",\"Option\":100,\"LocalizedLabelLanguageCode\":1033,\"LocalizedLabel\":\"Yes\",\"EntityName\":\"vendtable\",\"ExternalValue\":\"Yes\",\"createdonpartition\":\"2024-03-06 10:09.22\"},\"nullCount\":{\"OptionSetName\":0,\"Option\":0,\"IsUserLocalizedLabel\":0,\"LocalizedLabelLanguageCode\":0,\"LocalizedLabel\":3,\"GlobalOptionSetName\":229,\"EntityName\":0,\"ExternalValue\":0,\"createdonpartition\":0}}","tags":{}}}
{"add":{"path":"part-00002-67096caf-a9a8-4d73-acac-74cf19777b04-c000.snappy.parquet","partitionValues":{},"size":10147,"modificationTime":1709759529736,"dataChange":false,"stats":"{\"numRecords\":229,\"minValues\":{\"OptionSetName\":\"abccontributionmargin\",\"Option\":0,\"LocalizedLabelLanguageCode\":1033,\"LocalizedLabel\":\"(GMT+01:00) Tripoli\",\"GlobalOptionSetName\":\"mserp_noyes\",\"EntityName\":\"companyinfo\",\"ExternalValue\":\"AU\",\"createdonpartition\":\"2024-03-06 10:09.22\"},\"maxValues\":{\"OptionSetName\":\"workflowstate\",\"Option\":200000001,\"LocalizedLabelLanguageCode\":1033,\"LocalizedLabel\":\"Z\",\"GlobalOptionSetName\":\"mserp_noyes\",\"EntityName\":\"vendtable\",\"ExternalValue\":\"ZeroParentAmount\",\"createdonpartition\":\"2024-03-06 10:09.22\"},\"nullCount\":{\"OptionSetName\":0,\"Option\":0,\"IsUserLocalizedLabel\":0,\"LocalizedLabelLanguageCode\":0,\"LocalizedLabel\":4,\"GlobalOptionSetName\":228,\"EntityName\":0,\"ExternalValue\":0,\"createdonpartition\":0}}","tags":{}}}
{"add":{"path":"part-00003-b1b49c68-c248-4427-a0c7-7902ac791a47-c000.snappy.parquet","partitionValues":{},"size":10580,"modificationTime":1709759529969,"dataChange":false,"stats":"{\"numRecords\":229,\"minValues\":{\"OptionSetName\":\"abcrevenue\",\"Option\":0,\"LocalizedLabelLanguageCode\":1033,\"LocalizedLabel\":\"(GMT) Casablanca, Monrovia, Reyk\",\"GlobalOptionSetName\":\"mserp_noyes\",\"EntityName\":\"companyinfo\",\"ExternalValue\":\"A\",\"createdonpartition\":\"2024-03-06 10:09.22\"},\"maxValues\":{\"OptionSetName\":\"workflowstate\",\"Option\":200000000,\"LocalizedLabelLanguageCode\":1033,\"LocalizedLabel\":\"Zero amount\",\"GlobalOptionSetName\":\"mserp_noyes\",\"EntityName\":\"vendtable\",\"ExternalValue\":\"ZeroAmount\",\"createdonpartition\":\"2024-03-06 10:09.22\"},\"nullCount\":{\"OptionSetName\":0,\"Option\":0,\"IsUserLocalizedLabel\":0,\"LocalizedLabelLanguageCode\":0,\"LocalizedLabel\":3,\"GlobalOptionSetName\":228,\"EntityName\":0,\"ExternalValue\":0,\"createdonpartition\":0}}","tags":{}}}
{"add":{"path":"part-00004-69feec1e-aecd-4f5e-a4d7-753b9dad06f4-c000.snappy.parquet","partitionValues":{},"size":10789,"modificationTime":1709759529987,"dataChange":false,"stats":"{\"numRecords\":230,\"minValues\":{\"OptionSetName\":\"abcrevenue\",\"Option\":0,\"LocalizedLabelLanguageCode\":1033,\"LocalizedLabel\":\"(GMT) Casablanca\",\"EntityName\":\"companyinfo\",\"ExternalValue\":\"AccountHolderName\",\"createdonpartition\":\"2024-03-06 10:09.22\"},\"maxValues\":{\"OptionSetName\":\"workflowstate\",\"Option\":104,\"LocalizedLabelLanguageCode\":1033,\"LocalizedLabel\":\"Yes\",\"EntityName\":\"vendtable\",\"ExternalValue\":\"Yes\",\"createdonpartition\":\"2024-03-06 10:09.22\"},\"nullCount\":{\"OptionSetName\":0,\"Option\":0,\"IsUserLocalizedLabel\":0,\"LocalizedLabelLanguageCode\":0,\"LocalizedLabel\":7,\"GlobalOptionSetName\":230,\"EntityName\":0,\"ExternalValue\":0,\"createdonpartition\":0}}","tags":{}}}
{"remove":{"path":"part-00000-d0230c47-60e7-4c16-aaaf-4b861f0b7a9c-c000.snappy.parquet","deletionTimestamp":1709759530616,"dataChange":false,"extendedFileMetadata":true,"partitionValues":{},"size":27598,"tags":{}}}
