{"commitInfo":{"timestamp":1709678722414,"operation":"WRITE","operationParameters":{"mode":"Overwrite","partitionBy":"[]"},"readVersion":1,"isolationLevel":"Serializable","isBlindAppend":false,"operationMetrics":{"numFiles":"1","numOutputRows":"1124","numOutputBytes":"26831"},"engineInfo":"Apache-Spark/3.3.1.5.2-117504963 Delta-Lake/2.2.0.10","txnId":"26f459b7-16d4-4921-9c52-82a186f971a2"}}
{"add":{"path":"part-00000-b8ea55f5-f847-4a37-8d44-cb03d5b2ffd9-c000.snappy.parquet","partitionValues":{},"size":26831,"modificationTime":1709678721713,"dataChange":true,"stats":"{\"numRecords\":1124,\"minValues\":{\"OptionSetName\":\"abccontributionmargin\",\"Option\":0,\"LocalizedLabelLanguageCode\":1033,\"LocalizedLabel\":\"(GMT) Casablanca\",\"EntityName\":\"companyinfo\",\"ExternalValue\":\"A\",\"createdonpartition\":\"2024-03-05 10:45.19\"},\"maxValues\":{\"OptionSetName\":\"workflowstate\",\"Option\":105,\"LocalizedLabelLanguageCode\":1033,\"LocalizedLabel\":\"Zero amount\",\"EntityName\":\"vendtable\",\"ExternalValue\":\"ZeroParentAmount\",\"createdonpartition\":\"2024-03-05 10:45.19\"},\"nullCount\":{\"OptionSetName\":0,\"Option\":0,\"IsUserLocalizedLabel\":0,\"LocalizedLabelLanguageCode\":0,\"LocalizedLabel\":23,\"GlobalOptionSetName\":1124,\"EntityName\":0,\"ExternalValue\":0,\"createdonpartition\":0}}","tags":{}}}
{"remove":{"path":"part-00000-976c5999-cd3e-4d7d-ab50-fd78d97d60a0-c000.snappy.parquet","deletionTimestamp":1709678722397,"dataChange":true,"extendedFileMetadata":true,"partitionValues":{},"size":7323,"tags":{}}}
