{"commitInfo":{"timestamp":1709673866529,"operation":"WRITE","operationParameters":{"mode":"Overwrite","partitionBy":"[]"},"readVersion":0,"isolationLevel":"Serializable","isBlindAppend":false,"operationMetrics":{"numFiles":"1","numOutputRows":"269","numOutputBytes":"7323"},"engineInfo":"Apache-Spark/3.3.1.5.2-117504963 Delta-Lake/2.2.0.10","txnId":"258c78bf-3ba1-4f42-b0d0-0a20e2f0b6d7"}}
{"add":{"path":"part-00000-976c5999-cd3e-4d7d-ab50-fd78d97d60a0-c000.snappy.parquet","partitionValues":{},"size":7323,"modificationTime":1709673865450,"dataChange":true,"stats":"{\"numRecords\":269,\"minValues\":{\"OptionSetName\":\"accountstatement\",\"Option\":0,\"LocalizedLabelLanguageCode\":1033,\"LocalizedLabel\":\"01: Legal Entity\",\"EntityName\":\"custtable\",\"ExternalValue\":\"Accept\",\"createdonpartition\":\"2024-03-05 09:24.22\"},\"maxValues\":{\"OptionSetName\":\"workflowstate\",\"Option\":44,\"LocalizedLabelLanguageCode\":1033,\"LocalizedLabel\":\"Yes\",\"EntityName\":\"custtable\",\"ExternalValue\":\"Yes\",\"createdonpartition\":\"2024-03-05 09:24.22\"},\"nullCount\":{\"OptionSetName\":0,\"Option\":0,\"IsUserLocalizedLabel\":0,\"LocalizedLabelLanguageCode\":0,\"LocalizedLabel\":7,\"GlobalOptionSetName\":269,\"EntityName\":0,\"ExternalValue\":0,\"createdonpartition\":0}}","tags":{}}}
{"remove":{"path":"part-00000-a4e3e232-925a-423c-aa01-6c065c8fd808-c000.snappy.parquet","deletionTimestamp":1709673866528,"dataChange":true,"extendedFileMetadata":true,"partitionValues":{},"size":7302,"tags":{}}}
