{"commitInfo":{"timestamp":1709719769377,"operation":"WRITE","operationParameters":{"mode":"Overwrite","partitionBy":"[]"},"readVersion":7,"isolationLevel":"Serializable","isBlindAppend":false,"operationMetrics":{"numFiles":"1","numOutputRows":"1146","numOutputBytes":"27598"},"engineInfo":"Apache-Spark/3.3.1.5.2-117504963 Delta-Lake/2.2.0.10","txnId":"02fecf8e-a21d-4d2a-b71e-8b6cec5ae7bb"}}
{"add":{"path":"part-00000-d0230c47-60e7-4c16-aaaf-4b861f0b7a9c-c000.snappy.parquet","partitionValues":{},"size":27598,"modificationTime":1709719766307,"dataChange":true,"stats":"{\"numRecords\":1146,\"minValues\":{\"OptionSetName\":\"abccontributionmargin\",\"Option\":0,\"LocalizedLabelLanguageCode\":1033,\"LocalizedLabel\":\"(GMT) Casablanca\",\"GlobalOptionSetName\":\"mserp_noyes\",\"EntityName\":\"companyinfo\",\"ExternalValue\":\"A\",\"createdonpartition\":\"2024-03-06 10:09.22\"},\"maxValues\":{\"OptionSetName\":\"workflowstate\",\"Option\":200000001,\"LocalizedLabelLanguageCode\":1033,\"LocalizedLabel\":\"Zero amount\",\"GlobalOptionSetName\":\"mserp_noyes\",\"EntityName\":\"vendtable\",\"ExternalValue\":\"ZeroParentAmount\",\"createdonpartition\":\"2024-03-06 10:09.22\"},\"nullCount\":{\"OptionSetName\":0,\"Option\":0,\"IsUserLocalizedLabel\":0,\"LocalizedLabelLanguageCode\":0,\"LocalizedLabel\":23,\"GlobalOptionSetName\":1144,\"EntityName\":0,\"ExternalValue\":0,\"createdonpartition\":0}}","tags":{}}}
{"remove":{"path":"part-00000-a3f41abc-78f9-49fe-9231-9a7068c8e3f7-c000.snappy.parquet","deletionTimestamp":1709719769376,"dataChange":true,"extendedFileMetadata":true,"partitionValues":{},"size":27383,"tags":{}}}
