{"commitInfo":{"timestamp":1709718841611,"operation":"WRITE","operationParameters":{"mode":"Overwrite","partitionBy":"[]"},"readVersion":6,"isolationLevel":"Serializable","isBlindAppend":false,"operationMetrics":{"numFiles":"1","numOutputRows":"1146","numOutputBytes":"27383"},"engineInfo":"Apache-Spark/3.3.1.5.2-117504963 Delta-Lake/2.2.0.10","txnId":"6ca2bdcc-cfd9-4079-baaf-96196cd95d78"}}
{"add":{"path":"part-00000-a3f41abc-78f9-49fe-9231-9a7068c8e3f7-c000.snappy.parquet","partitionValues":{},"size":27383,"modificationTime":1709718838284,"dataChange":true,"stats":"{\"numRecords\":1146,\"minValues\":{\"OptionSetName\":\"abccontributionmargin\",\"Option\":0,\"LocalizedLabelLanguageCode\":1033,\"LocalizedLabel\":\"(GMT) Casablanca\",\"GlobalOptionSetName\":\"mserp_noyes\",\"EntityName\":\"companyinfo\",\"ExternalValue\":\"A\",\"createdonpartition\":\"2024-03-06 09:53.49\"},\"maxValues\":{\"OptionSetName\":\"workflowstate\",\"Option\":200000001,\"LocalizedLabelLanguageCode\":1033,\"LocalizedLabel\":\"Zero amount\",\"GlobalOptionSetName\":\"mserp_noyes\",\"EntityName\":\"vendtable\",\"ExternalValue\":\"ZeroParentAmount\",\"createdonpartition\":\"2024-03-06 09:53.49\"},\"nullCount\":{\"OptionSetName\":0,\"Option\":0,\"IsUserLocalizedLabel\":0,\"LocalizedLabelLanguageCode\":0,\"LocalizedLabel\":23,\"GlobalOptionSetName\":1144,\"EntityName\":0,\"ExternalValue\":0,\"createdonpartition\":0}}","tags":{}}}
{"remove":{"path":"part-00000-bd49d494-5eb1-4599-9ae3-a3a6cd30f0f2-c000.snappy.parquet","deletionTimestamp":1709718841573,"dataChange":true,"extendedFileMetadata":true,"partitionValues":{},"size":27464,"tags":{}}}
