{"commitInfo":{"timestamp":1709692767403,"operation":"WRITE","operationParameters":{"mode":"Overwrite","partitionBy":"[]"},"readVersion":3,"isolationLevel":"Serializable","isBlindAppend":false,"operationMetrics":{"numFiles":"1","numOutputRows":"1144","numOutputBytes":"27175"},"engineInfo":"Apache-Spark/3.3.1.5.2-117504963 Delta-Lake/2.2.0.10","txnId":"6a30d870-de6d-40dd-8c1d-e449f7e8dce3"}}
{"add":{"path":"part-00000-0daa4cc3-648b-4cc9-9495-a002259a7c66-c000.snappy.parquet","partitionValues":{},"size":27175,"modificationTime":1709692766300,"dataChange":true,"stats":"{\"numRecords\":1144,\"minValues\":{\"OptionSetName\":\"abccontributionmargin\",\"Option\":0,\"LocalizedLabelLanguageCode\":1033,\"LocalizedLabel\":\"(GMT) Casablanca\",\"EntityName\":\"companyinfo\",\"ExternalValue\":\"A\",\"createdonpartition\":\"2024-03-06 02:39.22\"},\"maxValues\":{\"OptionSetName\":\"workflowstate\",\"Option\":105,\"LocalizedLabelLanguageCode\":1033,\"LocalizedLabel\":\"Zero amount\",\"EntityName\":\"vendtable\",\"ExternalValue\":\"ZeroParentAmount\",\"createdonpartition\":\"2024-03-06 02:39.22\"},\"nullCount\":{\"OptionSetName\":0,\"Option\":0,\"IsUserLocalizedLabel\":0,\"LocalizedLabelLanguageCode\":0,\"LocalizedLabel\":23,\"GlobalOptionSetName\":1144,\"EntityName\":0,\"ExternalValue\":0,\"createdonpartition\":0}}","tags":{}}}
{"remove":{"path":"part-00000-f6d165ab-8381-47f4-85c8-58f85156c9ab-c000.snappy.parquet","deletionTimestamp":1709692767402,"dataChange":true,"extendedFileMetadata":true,"partitionValues":{},"size":27029,"tags":{}}}
