{"commitInfo":{"timestamp":1709672062429,"operation":"WRITE","operationParameters":{"mode":"ErrorIfExists","partitionBy":"[]"},"isolationLevel":"Serializable","isBlindAppend":true,"operationMetrics":{"numFiles":"1","numOutputRows":"269","numOutputBytes":"7302"},"engineInfo":"Apache-Spark/3.3.1.5.2-117504963 Delta-Lake/2.2.0.10","txnId":"090e8663-18eb-447e-a292-901afcf16c97"}}
{"protocol":{"minReaderVersion":1,"minWriterVersion":2}}
{"metaData":{"id":"e64a5299-7140-42a4-9359-a4c21deeec88","format":{"provider":"parquet","options":{}},"schemaString":"{\"type\":\"struct\",\"fields\":[{\"name\":\"OptionSetName\",\"type\":\"string\",\"nullable\":true,\"metadata\":{}},{\"name\":\"Option\",\"type\":\"long\",\"nullable\":true,\"metadata\":{}},{\"name\":\"IsUserLocalizedLabel\",\"type\":\"boolean\",\"nullable\":true,\"metadata\":{}},{\"name\":\"LocalizedLabelLanguageCode\",\"type\":\"long\",\"nullable\":true,\"metadata\":{}},{\"name\":\"LocalizedLabel\",\"type\":\"string\",\"nullable\":true,\"metadata\":{}},{\"name\":\"GlobalOptionSetName\",\"type\":\"string\",\"nullable\":true,\"metadata\":{}},{\"name\":\"EntityName\",\"type\":\"string\",\"nullable\":true,\"metadata\":{}},{\"name\":\"ExternalValue\",\"type\":\"string\",\"nullable\":true,\"metadata\":{}},{\"name\":\"createdonpartition\",\"type\":\"string\",\"nullable\":true,\"metadata\":{}}]}","partitionColumns":[],"configuration":{},"createdTime":1709672059575}}
{"add":{"path":"part-00000-a4e3e232-925a-423c-aa01-6c065c8fd808-c000.snappy.parquet","partitionValues":{},"size":7302,"modificationTime":1709672062284,"dataChange":true,"stats":"{\"numRecords\":269,\"minValues\":{\"OptionSetName\":\"accountstatement\",\"Option\":0,\"LocalizedLabelLanguageCode\":1033,\"LocalizedLabel\":\"01: Legal Entity\",\"EntityName\":\"custtable\",\"ExternalValue\":\"Accept\",\"createdonpartition\":\"2024-03-05 08:54.19\"},\"maxValues\":{\"OptionSetName\":\"workflowstate\",\"Option\":44,\"LocalizedLabelLanguageCode\":1033,\"LocalizedLabel\":\"Yes\",\"EntityName\":\"custtable\",\"ExternalValue\":\"Yes\",\"createdonpartition\":\"2024-03-05 08:54.19\"},\"nullCount\":{\"OptionSetName\":0,\"Option\":0,\"IsUserLocalizedLabel\":0,\"LocalizedLabelLanguageCode\":0,\"LocalizedLabel\":7,\"GlobalOptionSetName\":269,\"EntityName\":0,\"ExternalValue\":0,\"createdonpartition\":0}}","tags":{}}}
