{"commitInfo":{"timestamp":1709691856699,"operation":"WRITE","operationParameters":{"mode":"Overwrite","partitionBy":"[]"},"readVersion":2,"isolationLevel":"Serializable","isBlindAppend":false,"operationMetrics":{"numFiles":"1","numOutputRows":"1144","numOutputBytes":"27029"},"engineInfo":"Apache-Spark/3.3.1.5.2-117504963 Delta-Lake/2.2.0.10","txnId":"51d0214c-280c-48a3-b0fd-604565844331"}}
{"add":{"path":"part-00000-f6d165ab-8381-47f4-85c8-58f85156c9ab-c000.snappy.parquet","partitionValues":{},"size":27029,"modificationTime":1709691853232,"dataChange":true,"stats":"{\"numRecords\":1144,\"minValues\":{\"OptionSetName\":\"abccontributionmargin\",\"Option\":0,\"LocalizedLabelLanguageCode\":1033,\"LocalizedLabel\":\"(GMT) Casablanca\",\"EntityName\":\"companyinfo\",\"ExternalValue\":\"A\",\"createdonpartition\":\"2024-03-06 02:24.06\"},\"maxValues\":{\"OptionSetName\":\"workflowstate\",\"Option\":105,\"LocalizedLabelLanguageCode\":1033,\"LocalizedLabel\":\"Zero amount\",\"EntityName\":\"vendtable\",\"ExternalValue\":\"ZeroParentAmount\",\"createdonpartition\":\"2024-03-06 02:24.06\"},\"nullCount\":{\"OptionSetName\":0,\"Option\":0,\"IsUserLocalizedLabel\":0,\"LocalizedLabelLanguageCode\":0,\"LocalizedLabel\":23,\"GlobalOptionSetName\":1144,\"EntityName\":0,\"ExternalValue\":0,\"createdonpartition\":0}}","tags":{}}}
{"remove":{"path":"part-00000-b8ea55f5-f847-4a37-8d44-cb03d5b2ffd9-c000.snappy.parquet","deletionTimestamp":1709691856698,"dataChange":true,"extendedFileMetadata":true,"partitionValues":{},"size":26831,"tags":{}}}
