{"commitInfo":{"timestamp":1709717982412,"operation":"WRITE","operationParameters":{"mode":"Overwrite","partitionBy":"[]"},"readVersion":5,"isolationLevel":"Serializable","isBlindAppend":false,"operationMetrics":{"numFiles":"1","numOutputRows":"1146","numOutputBytes":"27464"},"engineInfo":"Apache-Spark/3.3.1.5.2-117504963 Delta-Lake/2.2.0.10","txnId":"1136b8a9-14ef-4343-bbe2-2c50e2d632a5"}}
{"add":{"path":"part-00000-bd49d494-5eb1-4599-9ae3-a3a6cd30f0f2-c000.snappy.parquet","partitionValues":{},"size":27464,"modificationTime":1709717981169,"dataChange":true,"stats":"{\"numRecords\":1146,\"minValues\":{\"OptionSetName\":\"abccontributionmargin\",\"Option\":0,\"LocalizedLabelLanguageCode\":1033,\"LocalizedLabel\":\"(GMT) Casablanca\",\"GlobalOptionSetName\":\"mserp_noyes\",\"EntityName\":\"companyinfo\",\"ExternalValue\":\"A\",\"createdonpartition\":\"2024-03-06 09:39.39\"},\"maxValues\":{\"OptionSetName\":\"workflowstate\",\"Option\":200000001,\"LocalizedLabelLanguageCode\":1033,\"LocalizedLabel\":\"Zero amount\",\"GlobalOptionSetName\":\"mserp_noyes\",\"EntityName\":\"vendtable\",\"ExternalValue\":\"ZeroParentAmount\",\"createdonpartition\":\"2024-03-06 09:39.39\"},\"nullCount\":{\"OptionSetName\":0,\"Option\":0,\"IsUserLocalizedLabel\":0,\"LocalizedLabelLanguageCode\":0,\"LocalizedLabel\":23,\"GlobalOptionSetName\":1144,\"EntityName\":0,\"ExternalValue\":0,\"createdonpartition\":0}}","tags":{}}}
{"remove":{"path":"part-00000-27b0dbff-815a-4f6c-bde6-9fe12817bb06-c000.snappy.parquet","deletionTimestamp":1709717982411,"dataChange":true,"extendedFileMetadata":true,"partitionValues":{},"size":27147,"tags":{}}}
