{"commitInfo":{"timestamp":1709714404342,"operation":"WRITE","operationParameters":{"mode":"Overwrite","partitionBy":"[]"},"readVersion":4,"isolationLevel":"Serializable","isBlindAppend":false,"operationMetrics":{"numFiles":"1","numOutputRows":"1144","numOutputBytes":"27147"},"engineInfo":"Apache-Spark/3.3.1.5.2-117504963 Delta-Lake/2.2.0.10","txnId":"7976180f-d34c-4112-991c-fa4c3a47a21e"}}
{"add":{"path":"part-00000-27b0dbff-815a-4f6c-bde6-9fe12817bb06-c000.snappy.parquet","partitionValues":{},"size":27147,"modificationTime":1709714403233,"dataChange":true,"stats":"{\"numRecords\":1144,\"minValues\":{\"OptionSetName\":\"abccontributionmargin\",\"Option\":0,\"LocalizedLabelLanguageCode\":1033,\"LocalizedLabel\":\"(GMT) Casablanca\",\"EntityName\":\"companyinfo\",\"ExternalValue\":\"A\",\"createdonpartition\":\"2024-03-06 08:40.00\"},\"maxValues\":{\"OptionSetName\":\"workflowstate\",\"Option\":105,\"LocalizedLabelLanguageCode\":1033,\"LocalizedLabel\":\"Zero amount\",\"EntityName\":\"vendtable\",\"ExternalValue\":\"ZeroParentAmount\",\"createdonpartition\":\"2024-03-06 08:40.00\"},\"nullCount\":{\"OptionSetName\":0,\"Option\":0,\"IsUserLocalizedLabel\":0,\"LocalizedLabelLanguageCode\":0,\"LocalizedLabel\":23,\"GlobalOptionSetName\":1144,\"EntityName\":0,\"ExternalValue\":0,\"createdonpartition\":0}}","tags":{}}}
{"remove":{"path":"part-00000-0daa4cc3-648b-4cc9-9495-a002259a7c66-c000.snappy.parquet","deletionTimestamp":1709714404341,"dataChange":true,"extendedFileMetadata":true,"partitionValues":{},"size":27175,"tags":{}}}
