{"commitInfo":{"timestamp":1709678685958,"operation":"WRITE","operationParameters":{"mode":"ErrorIfExists","partitionBy":"[\"PartitionId\"]"},"isolationLevel":"Serializable","isBlindAppend":true,"operationMetrics":{"numFiles":"1","numOutputRows":"1654","numOutputBytes":"139383"},"engineInfo":"Apache-Spark/3.3.1.5.2-117504963 Delta-Lake/2.2.0.10","txnId":"8ebd92fd-5576-4436-a40d-fa097fc59598"}}
{"protocol":{"minReaderVersion":1,"minWriterVersion":2}}
{"metaData":{"id":"c6c2b9a6-d2b2-43eb-82cf-bd7dd17bd834","format":{"provider":"parquet","options":{}},"schemaString":"{\"type\":\"struct\",\"fields\":[{\"name\":\"Id\",\"type\":\"string\",\"nullable\":true,\"metadata\":{}},{\"name\":\"SinkCreatedOn\",\"type\":\"timestamp\",\"nullable\":true,\"metadata\":{}},{\"name\":\"SinkModifiedOn\",\"type\":\"timestamp\",\"nullable\":true,\"metadata\":{}},{\"name\":\"isprivate\",\"type\":\"long\",\"nullable\":true,\"metadata\":{}},{\"name\":\"timezone\",\"type\":\"long\",\"nullable\":true,\"metadata\":{}},{\"name\":\"issimplifiedaddress_ru\",\"type\":\"long\",\"nullable\":true,\"metadata\":{}},{\"name\":\"sysdatastatecode\",\"type\":\"long\",\"nullable\":true,\"metadata\":{}},{\"name\":\"address\",\"type\":\"string\",\"nullable\":true,\"metadata\":{}},{\"name\":\"apartment_ru\",\"type\":\"string\",\"nullable\":true,\"metadata\":{}},{\"name\":\"building_ru\",\"type\":\"string\",\"nullable\":true,\"metadata\":{}},{\"name\":\"buildingcompliment\",\"type\":\"string\",\"nullable\":true,\"metadata\":{}},{\"name\":\"city\",\"type\":\"string\",\"nullable\":true,\"metadata\":{}},{\"name\":\"cityrecid\",\"type\":\"long\",\"nullable\":true,\"metadata\":{}},{\"name\":\"countryregionid\",\"type\":\"string\",\"nullable\":true,\"metadata\":{}},{\"name\":\"county\",\"type\":\"string\",\"nullable\":true,\"metadata\":{}},{\"name\":\"district\",\"type\":\"long\",\"nullable\":true,\"metadata\":{}},{\"name\":\"districtname\",\"type\":\"string\",\"nullable\":true,\"metadata\":{}},{\"name\":\"flatid_ru\",\"type\":\"long\",\"nullable\":true,\"metadata\":{}},{\"name\":\"houseid_ru\",\"type\":\"long\",\"nullable\":true,\"metadata\":{}},{\"name\":\"latitude\",\"type\":\"decimal(38,10)\",\"nullable\":true,\"metadata\":{}},{\"name\":\"location\",\"type\":\"long\",\"nullable\":true,\"metadata\":{}},{\"name\":\"longitude\",\"type\":\"decimal(38,10)\",\"nullable\":true,\"metadata\":{}},{\"name\":\"postbox\",\"type\":\"string\",\"nullable\":true,\"metadata\":{}},{\"name\":\"privateforparty\",\"type\":\"long\",\"nullable\":true,\"metadata\":{}},{\"name\":\"state\",\"type\":\"string\",\"nullable\":true,\"metadata\":{}},{\"name\":\"street\",\"type\":\"string\",\"nullable\":true,\"metadata\":{}},{\"name\":\"streetid_ru\",\"type\":\"long\",\"nullable\":true,\"metadata\":{}},{\"name\":\"streetnumber\",\"type\":\"string\",\"nullable\":true,\"metadata\":{}},{\"name\":\"validfrom\",\"type\":\"timestamp\",\"nullable\":true,\"metadata\":{}},{\"name\":\"validto\",\"type\":\"timestamp\",\"nullable\":true,\"metadata\":{}},{\"name\":\"zipcode\",\"type\":\"string\",\"nullable\":true,\"metadata\":{}},{\"name\":\"zipcoderecid\",\"type\":\"long\",\"nullable\":true,\"metadata\":{}},{\"name\":\"citykana_jp\",\"type\":\"string\",\"nullable\":true,\"metadata\":{}},{\"name\":\"streetkana_jp\",\"type\":\"string\",\"nullable\":true,\"metadata\":{}},{\"name\":\"steadid_ru\",\"type\":\"long\",\"nullable\":true,\"metadata\":{}},{\"name\":\"channelreferenceid\",\"type\":\"string\",\"nullable\":true,\"metadata\":{}},{\"name\":\"settlementrecid\",\"type\":\"long\",\"nullable\":true,\"metadata\":{}},{\"name\":\"localityrecid\",\"type\":\"long\",\"nullable\":true,\"metadata\":{}},{\"name\":\"modifieddatetime\",\"type\":\"timestamp\",\"nullable\":true,\"metadata\":{}},{\"name\":\"modifiedby\",\"type\":\"string\",\"nullable\":true,\"metadata\":{}},{\"name\":\"modifiedtransactionid\",\"type\":\"long\",\"nullable\":true,\"metadata\":{}},{\"name\":\"createddatetime\",\"type\":\"timestamp\",\"nullable\":true,\"metadata\":{}},{\"name\":\"createdby\",\"type\":\"string\",\"nullable\":true,\"metadata\":{}},{\"name\":\"createdtransactionid\",\"type\":\"long\",\"nullable\":true,\"metadata\":{}},{\"name\":\"dataareaid\",\"type\":\"string\",\"nullable\":true,\"metadata\":{}},{\"name\":\"recversion\",\"type\":\"long\",\"nullable\":true,\"metadata\":{}},{\"name\":\"partition\",\"type\":\"long\",\"nullable\":true,\"metadata\":{}},{\"name\":\"sysrowversion\",\"type\":\"long\",\"nullable\":true,\"metadata\":{}},{\"name\":\"recid\",\"type\":\"long\",\"nullable\":true,\"metadata\":{}},{\"name\":\"tableid\",\"type\":\"long\",\"nullable\":true,\"metadata\":{}},{\"name\":\"versionnumber\",\"type\":\"long\",\"nullable\":true,\"metadata\":{}},{\"name\":\"createdon\",\"type\":\"timestamp\",\"nullable\":true,\"metadata\":{}},{\"name\":\"modifiedon\",\"type\":\"timestamp\",\"nullable\":true,\"metadata\":{}},{\"name\":\"IsDelete\",\"type\":\"boolean\",\"nullable\":true,\"metadata\":{}},{\"name\":\"createdonpartition\",\"type\":\"string\",\"nullable\":true,\"metadata\":{}},{\"name\":\"PartitionId\",\"type\":\"string\",\"nullable\":true,\"metadata\":{}}]}","partitionColumns":["PartitionId"],"configuration":{},"createdTime":1709678683601}}
{"add":{"path":"PartitionId=1900/part-00000-ba4f6e69-8087-4d46-859d-9f978a153cf7.c000.snappy.parquet","partitionValues":{"PartitionId":"1900"},"size":139383,"modificationTime":1709678685844,"dataChange":true,"stats":"{\"numRecords\":1654,\"minValues\":{\"Id\":\"00001016-0000-0000-0008-01410500\",\"SinkCreatedOn\":\"2024-03-05T22:44:43.257Z\",\"SinkModifiedOn\":\"2024-03-05T22:44:43.257Z\",\"isprivate\":0,\"timezone\":0,\"issimplifiedaddress_ru\":0,\"sysdatastatecode\":0,\"address\":\"\\n44010 Nantes\\nPL FRA\",\"apartment_ru\":\"1\",\"building_ru\":\"1\",\"buildingcompliment\":\"1\",\"city\":\"ATLANTA\",\"cityrecid\":0,\"countryregionid\":\"ALA\",\"county\":\"002\",\"district\":0,\"districtname\":\"002\",\"flatid_ru\":0,\"houseid_ru\":0,\"latitude\":-84.3597570000,\"location\":5637144826,\"longitude\":-122.4039070000,\"postbox\":\"P.O. Box 22216\",\"privateforparty\":0,\"state\":\"50\",\"street\":\"\\n北京东城区长安街\",\"streetid_ru\":0,\"streetnumber\":\"000000\",\"validfrom\":\"1900-01-01T00:00:00.000Z\",\"validto\":\"2054-08-12T23:59:59.000Z\",\"zipcode\":\"00042\",\"zipcoderecid\":0},\"maxValues\":{\"Id\":\"00001016-0000-0000-ff7f-01410500�\",\"SinkCreatedOn\":\"2024-03-05T22:44:43.257Z\",\"SinkModifiedOn\":\"2024-03-05T22:44:43.257Z\",\"isprivate\":1,\"timezone\":58,\"issimplifiedaddress_ru\":0,\"sysdatastatecode\":0,\"address\":\"长安大街 \\nCHN\\n京 \\n100006 东城区\",\"apartment_ru\":\"92\",\"building_ru\":\"строение 1\",\"buildingcompliment\":\"ул. Седьмая, д. 7\",\"city\":\"龙岩市\",\"cityrecid\":68719511715,\"countryregionid\":\"deu\",\"county\":\"YELLOWSTON\",\"district\":5637152767,\"districtname\":\"Zona Sul\",\"flatid_ru\":0,\"houseid_ru\":5637190399,\"latitude\":47.6633350000,\"location\":68719526786,\"longitude\":1.0000000000,\"postbox\":\"P.O.Box: 6331\",\"privateforparty\":0,\"state\":\"黑\",\"street\":\"长安大街\",\"streetid_ru\":5637174355,\"streetnumber\":\"9935\",\"validfrom\":\"2023-08-11T17:56:05.000Z\",\"validto\":\"2154-12-31T23:59:59.000Z\",\"zipcode\":\"XXXXX\",\"zipcoderecid\":68719526125},\"nullCount\":{\"Id\":0,\"SinkCreatedOn\":0,\"SinkModifiedOn\":0,\"isprivate\":0,\"timezone\":0,\"issimplifiedaddress_ru\":0,\"sysdatastatecode\":0,\"address\":102,\"apartment_ru\":1526,\"building_ru\":1586,\"buildingcompliment\":1506,\"city\":244,\"cityrecid\":0,\"countryregionid\":100,\"county\":769,\"district\":0,\"districtname\":1561,\"flatid_ru\":0,\"houseid_ru\":0,\"latitude\":0,\"location\":0,\"longitude\":0,\"postbox\":1643,\"privateforparty\":0,\"state\":153,\"street\":250,\"streetid_ru\":0,\"streetnumber\":1560,\"validfrom\":0,\"validto\":0,\"zipcode\":230,\"zipcoderecid\":0}}","tags":{}}}
