{"commitInfo":{"timestamp":1709692731052,"operation":"WRITE","operationParameters":{"mode":"Overwrite","partitionBy":"[]"},"readVersion":3,"isolationLevel":"Serializable","isBlindAppend":false,"operationMetrics":{"numFiles":"1","numOutputRows":"1","numOutputBytes":"2015"},"engineInfo":"Apache-Spark/3.3.1.5.2-117504963 Delta-Lake/2.2.0.10","txnId":"7e9a24bb-bdc2-425f-8cef-f9f08aba197b"}}
{"add":{"path":"part-00000-cebabe80-88d9-4be5-a996-4faf524cf9cd-c000.snappy.parquet","partitionValues":{},"size":2015,"modificationTime":1709692727757,"dataChange":true,"stats":"{\"numRecords\":1,\"minValues\":{\"createdonpartition\":\"2024-03-06 02:38.42\"},\"maxValues\":{\"createdonpartition\":\"2024-03-06 02:38.42\"},\"nullCount\":{\"EntityName\":1,\"State\":1,\"IsUserLocalizedLabel\":1,\"LocalizedLabelLanguageCode\":1,\"LocalizedLabel\":1,\"ExternalValue\":1,\"createdonpartition\":0}}","tags":{}}}
{"remove":{"path":"part-00000-357b6976-90eb-4c27-97d3-990e77f17b40-c000.snappy.parquet","deletionTimestamp":1709692731019,"dataChange":true,"extendedFileMetadata":true,"partitionValues":{},"size":2014,"tags":{}}}
