{"commitInfo":{"timestamp":1709672024671,"operation":"WRITE","operationParameters":{"mode":"ErrorIfExists","partitionBy":"[]"},"isolationLevel":"Serializable","isBlindAppend":true,"operationMetrics":{"numFiles":"1","numOutputRows":"1","numOutputBytes":"2015"},"engineInfo":"Apache-Spark/3.3.1.5.2-117504963 Delta-Lake/2.2.0.10","txnId":"44b00d06-7023-47cb-94bf-37b07d9260e3"}}
{"protocol":{"minReaderVersion":1,"minWriterVersion":2}}
{"metaData":{"id":"7f369481-f887-4c8f-9eac-e8ab29d34955","format":{"provider":"parquet","options":{}},"schemaString":"{\"type\":\"struct\",\"fields\":[{\"name\":\"EntityName\",\"type\":\"string\",\"nullable\":true,\"metadata\":{}},{\"name\":\"State\",\"type\":\"long\",\"nullable\":true,\"metadata\":{}},{\"name\":\"IsUserLocalizedLabel\",\"type\":\"boolean\",\"nullable\":true,\"metadata\":{}},{\"name\":\"LocalizedLabelLanguageCode\",\"type\":\"long\",\"nullable\":true,\"metadata\":{}},{\"name\":\"LocalizedLabel\",\"type\":\"string\",\"nullable\":true,\"metadata\":{}},{\"name\":\"ExternalValue\",\"type\":\"string\",\"nullable\":true,\"metadata\":{}},{\"name\":\"createdonpartition\",\"type\":\"string\",\"nullable\":true,\"metadata\":{}}]}","partitionColumns":[],"configuration":{},"createdTime":1709672014397}}
{"add":{"path":"part-00000-5a4e5bcb-169c-408f-8d4b-fc521fdad06e-c000.snappy.parquet","partitionValues":{},"size":2015,"modificationTime":1709672022024,"dataChange":true,"stats":"{\"numRecords\":1,\"minValues\":{\"createdonpartition\":\"2024-03-05 08:53.35\"},\"maxValues\":{\"createdonpartition\":\"2024-03-05 08:53.35\"},\"nullCount\":{\"EntityName\":1,\"State\":1,\"IsUserLocalizedLabel\":1,\"LocalizedLabelLanguageCode\":1,\"LocalizedLabel\":1,\"ExternalValue\":1,\"createdonpartition\":0}}","tags":{}}}
