{"commitInfo":{"timestamp":1709717996643,"operation":"WRITE","operationParameters":{"mode":"Overwrite","partitionBy":"[]"},"readVersion":5,"isolationLevel":"Serializable","isBlindAppend":false,"operationMetrics":{"numFiles":"1","numOutputRows":"1","numOutputBytes":"2015"},"engineInfo":"Apache-Spark/3.3.1.5.2-117504963 Delta-Lake/2.2.0.10","txnId":"b8f81447-d936-4861-bfd5-b594c534103b"}}
{"add":{"path":"part-00000-9b09cb33-5f10-4850-a5a8-f63420cdf8f2-c000.snappy.parquet","partitionValues":{},"size":2015,"modificationTime":1709717996024,"dataChange":true,"stats":"{\"numRecords\":1,\"minValues\":{\"createdonpartition\":\"2024-03-06 09:39.55\"},\"maxValues\":{\"createdonpartition\":\"2024-03-06 09:39.55\"},\"nullCount\":{\"EntityName\":1,\"State\":1,\"IsUserLocalizedLabel\":1,\"LocalizedLabelLanguageCode\":1,\"LocalizedLabel\":1,\"ExternalValue\":1,\"createdonpartition\":0}}","tags":{}}}
{"remove":{"path":"part-00000-dc5b30be-f43e-493f-9a1d-af26b288699d-c000.snappy.parquet","deletionTimestamp":1709717996642,"dataChange":true,"extendedFileMetadata":true,"partitionValues":{},"size":2015,"tags":{}}}
