{"commitInfo":{"timestamp":1709673835857,"operation":"WRITE","operationParameters":{"mode":"Overwrite","partitionBy":"[]"},"readVersion":0,"isolationLevel":"Serializable","isBlindAppend":false,"operationMetrics":{"numFiles":"1","numOutputRows":"1","numOutputBytes":"2015"},"engineInfo":"Apache-Spark/3.3.1.5.2-117504963 Delta-Lake/2.2.0.10","txnId":"daf159fa-a7cf-451e-b425-7fa6d570d622"}}
{"add":{"path":"part-00000-6bccfb8b-a1a0-48f0-8123-780e999c0f0c-c000.snappy.parquet","partitionValues":{},"size":2015,"modificationTime":1709673830568,"dataChange":true,"stats":"{\"numRecords\":1,\"minValues\":{\"createdonpartition\":\"2024-03-05 09:23.39\"},\"maxValues\":{\"createdonpartition\":\"2024-03-05 09:23.39\"},\"nullCount\":{\"EntityName\":1,\"State\":1,\"IsUserLocalizedLabel\":1,\"LocalizedLabelLanguageCode\":1,\"LocalizedLabel\":1,\"ExternalValue\":1,\"createdonpartition\":0}}","tags":{}}}
{"remove":{"path":"part-00000-5a4e5bcb-169c-408f-8d4b-fc521fdad06e-c000.snappy.parquet","deletionTimestamp":1709673835827,"dataChange":true,"extendedFileMetadata":true,"partitionValues":{},"size":2015,"tags":{}}}
