{"commitInfo":{"timestamp":1709691858529,"operation":"WRITE","operationParameters":{"mode":"Overwrite","partitionBy":"[]"},"readVersion":2,"isolationLevel":"Serializable","isBlindAppend":false,"operationMetrics":{"numFiles":"1","numOutputRows":"1","numOutputBytes":"2014"},"engineInfo":"Apache-Spark/3.3.1.5.2-117504963 Delta-Lake/2.2.0.10","txnId":"ee7d6f77-ef95-4840-bdcc-15525d105b5e"}}
{"add":{"path":"part-00000-357b6976-90eb-4c27-97d3-990e77f17b40-c000.snappy.parquet","partitionValues":{},"size":2014,"modificationTime":1709691857101,"dataChange":true,"stats":"{\"numRecords\":1,\"minValues\":{\"createdonpartition\":\"2024-03-06 02:24.06\"},\"maxValues\":{\"createdonpartition\":\"2024-03-06 02:24.06\"},\"nullCount\":{\"EntityName\":1,\"State\":1,\"IsUserLocalizedLabel\":1,\"LocalizedLabelLanguageCode\":1,\"LocalizedLabel\":1,\"ExternalValue\":1,\"createdonpartition\":0}}","tags":{}}}
{"remove":{"path":"part-00000-0600737c-a34a-4b3e-a26f-a39a7c69bf4b-c000.snappy.parquet","deletionTimestamp":1709691858527,"dataChange":true,"extendedFileMetadata":true,"partitionValues":{},"size":2014,"tags":{}}}
