{"commitInfo":{"timestamp":1709678615605,"operation":"WRITE","operationParameters":{"mode":"Overwrite","partitionBy":"[]"},"readVersion":1,"isolationLevel":"Serializable","isBlindAppend":false,"operationMetrics":{"numFiles":"1","numOutputRows":"1","numOutputBytes":"2014"},"engineInfo":"Apache-Spark/3.3.1.5.2-117504963 Delta-Lake/2.2.0.10","txnId":"bc5e64ae-601e-4f77-95bb-d7005b71eb66"}}
{"add":{"path":"part-00000-0600737c-a34a-4b3e-a26f-a39a7c69bf4b-c000.snappy.parquet","partitionValues":{},"size":2014,"modificationTime":1709678612790,"dataChange":true,"stats":"{\"numRecords\":1,\"minValues\":{\"createdonpartition\":\"2024-03-05 10:43.29\"},\"maxValues\":{\"createdonpartition\":\"2024-03-05 10:43.29\"},\"nullCount\":{\"EntityName\":1,\"State\":1,\"IsUserLocalizedLabel\":1,\"LocalizedLabelLanguageCode\":1,\"LocalizedLabel\":1,\"ExternalValue\":1,\"createdonpartition\":0}}","tags":{}}}
{"remove":{"path":"part-00000-6bccfb8b-a1a0-48f0-8123-780e999c0f0c-c000.snappy.parquet","deletionTimestamp":1709678615603,"dataChange":true,"extendedFileMetadata":true,"partitionValues":{},"size":2015,"tags":{}}}
