{"commitInfo":{"timestamp":1709719735454,"operation":"WRITE","operationParameters":{"mode":"Overwrite","partitionBy":"[]"},"readVersion":7,"isolationLevel":"Serializable","isBlindAppend":false,"operationMetrics":{"numFiles":"1","numOutputRows":"1","numOutputBytes":"2015"},"engineInfo":"Apache-Spark/3.3.1.5.2-117504963 Delta-Lake/2.2.0.10","txnId":"bcc5fc84-d8bb-433b-955e-f70896942c63"}}
{"add":{"path":"part-00000-b4d97b88-07b3-4d8c-aae2-39691c0c846c-c000.snappy.parquet","partitionValues":{},"size":2015,"modificationTime":1709719731367,"dataChange":true,"stats":"{\"numRecords\":1,\"minValues\":{\"createdonpartition\":\"2024-03-06 10:08.41\"},\"maxValues\":{\"createdonpartition\":\"2024-03-06 10:08.41\"},\"nullCount\":{\"EntityName\":1,\"State\":1,\"IsUserLocalizedLabel\":1,\"LocalizedLabelLanguageCode\":1,\"LocalizedLabel\":1,\"ExternalValue\":1,\"createdonpartition\":0}}","tags":{}}}
{"remove":{"path":"part-00000-202b0fe7-31ff-4ad5-abdb-5680c26d98a0-c000.snappy.parquet","deletionTimestamp":1709719735454,"dataChange":true,"extendedFileMetadata":true,"partitionValues":{},"size":2015,"tags":{}}}
