{"commitInfo":{"timestamp":1709759539351,"operation":"WRITE","operationParameters":{"mode":"Overwrite","partitionBy":"[]"},"readVersion":8,"isolationLevel":"SnapshotIsolation","isBlindAppend":false,"operationMetrics":{"numFiles":"2","numOutputRows":"1","numOutputBytes":"3021"},"engineInfo":"Apache-Spark/3.3.1.5.2-117504963 Delta-Lake/2.2.0.10","txnId":"4a56f47c-2afb-4ad4-b15c-039271c10ee8"}}
{"add":{"path":"part-00004-df37e4a3-b713-4265-b91c-33f31c6b83aa-c000.snappy.parquet","partitionValues":{},"size":2015,"modificationTime":1709759538574,"dataChange":false,"stats":"{\"numRecords\":1,\"minValues\":{\"createdonpartition\":\"2024-03-06 10:08.41\"},\"maxValues\":{\"createdonpartition\":\"2024-03-06 10:08.41\"},\"nullCount\":{\"EntityName\":1,\"State\":1,\"IsUserLocalizedLabel\":1,\"LocalizedLabelLanguageCode\":1,\"LocalizedLabel\":1,\"ExternalValue\":1,\"createdonpartition\":0}}","tags":{}}}
{"remove":{"path":"part-00000-b4d97b88-07b3-4d8c-aae2-39691c0c846c-c000.snappy.parquet","deletionTimestamp":1709759539351,"dataChange":false,"extendedFileMetadata":true,"partitionValues":{},"size":2015,"tags":{}}}
