{"commitInfo":{"timestamp":1709714376824,"operation":"WRITE","operationParameters":{"mode":"Overwrite","partitionBy":"[]"},"readVersion":4,"isolationLevel":"Serializable","isBlindAppend":false,"operationMetrics":{"numFiles":"1","numOutputRows":"1","numOutputBytes":"2015"},"engineInfo":"Apache-Spark/3.3.1.5.2-117504963 Delta-Lake/2.2.0.10","txnId":"05fc526a-0cfe-487b-9a72-c91cbe23abc6"}}
{"add":{"path":"part-00000-dc5b30be-f43e-493f-9a1d-af26b288699d-c000.snappy.parquet","partitionValues":{},"size":2015,"modificationTime":1709714374931,"dataChange":true,"stats":"{\"numRecords\":1,\"minValues\":{\"createdonpartition\":\"2024-03-06 08:39.24\"},\"maxValues\":{\"createdonpartition\":\"2024-03-06 08:39.24\"},\"nullCount\":{\"EntityName\":1,\"State\":1,\"IsUserLocalizedLabel\":1,\"LocalizedLabelLanguageCode\":1,\"LocalizedLabel\":1,\"ExternalValue\":1,\"createdonpartition\":0}}","tags":{}}}
{"remove":{"path":"part-00000-cebabe80-88d9-4be5-a996-4faf524cf9cd-c000.snappy.parquet","deletionTimestamp":1709714376823,"dataChange":true,"extendedFileMetadata":true,"partitionValues":{},"size":2015,"tags":{}}}
