{"commitInfo":{"timestamp":1709718841990,"operation":"WRITE","operationParameters":{"mode":"Overwrite","partitionBy":"[]"},"readVersion":6,"isolationLevel":"Serializable","isBlindAppend":false,"operationMetrics":{"numFiles":"1","numOutputRows":"1","numOutputBytes":"2015"},"engineInfo":"Apache-Spark/3.3.1.5.2-117504963 Delta-Lake/2.2.0.10","txnId":"f017cb06-1181-45bd-a39c-54efdb2a741d"}}
{"add":{"path":"part-00000-202b0fe7-31ff-4ad5-abdb-5680c26d98a0-c000.snappy.parquet","partitionValues":{},"size":2015,"modificationTime":1709718838285,"dataChange":true,"stats":"{\"numRecords\":1,\"minValues\":{\"createdonpartition\":\"2024-03-06 09:53.49\"},\"maxValues\":{\"createdonpartition\":\"2024-03-06 09:53.49\"},\"nullCount\":{\"EntityName\":1,\"State\":1,\"IsUserLocalizedLabel\":1,\"LocalizedLabelLanguageCode\":1,\"LocalizedLabel\":1,\"ExternalValue\":1,\"createdonpartition\":0}}","tags":{}}}
{"remove":{"path":"part-00000-9b09cb33-5f10-4850-a5a8-f63420cdf8f2-c000.snappy.parquet","deletionTimestamp":1709718841990,"dataChange":true,"extendedFileMetadata":true,"partitionValues":{},"size":2015,"tags":{}}}
