{"commitInfo":{"timestamp":1709759461811,"operation":"WRITE","operationParameters":{"mode":"Overwrite","partitionBy":"[]"},"readVersion":0,"isolationLevel":"SnapshotIsolation","isBlindAppend":false,"operationMetrics":{"numFiles":"1","numOutputRows":"101","numOutputBytes":"13543"},"engineInfo":"Apache-Spark/3.3.1.5.2-117504963 Delta-Lake/2.2.0.10","txnId":"ebfb343b-cb8e-4464-a621-06a950a89f28"}}
{"add":{"path":"PartitionId=1900/part-00000-f0a003f4-3f7d-4a84-be12-178629542eb1.c000.snappy.parquet","partitionValues":{"PartitionId":"1900"},"size":13543,"modificationTime":1709759461183,"dataChange":false,"stats":"{\"numRecords\":101,\"minValues\":{\"Id\":\"00001015-0000-0000-2a09-00001000\",\"SinkCreatedOn\":\"2024-03-05T22:41:45.433Z\",\"SinkModifiedOn\":\"2024-03-05T22:41:45.433Z\",\"priceincludesalestax\":0,\"ispublicsector_it\":0,\"sysdatastatecode\":0,\"bankcustpaymidtable\":0,\"clearingperiod\":\"COD\",\"custgroup\":\"010\",\"defaultdimension\":0,\"name\":\"Autres Clients\",\"paymtermid\":\"15D\",\"taxgroupid\":\"EXMPT FOR\",\"custwriteoffrefrecid\":0,\"custaccountnumseq\":0,\"accountingcurrencyexchangeratetype\":0,\"reportingcurrencyexchangeratetype\":0,\"modifieddatetime\":\"1900-01-01T00:00:00.000Z\",\"modifiedtransactionid\":0,\"createddatetime\":\"1900-01-01T00:00:00.000Z\",\"createdtransactionid\":0,\"dataareaid\":\"brmf\",\"recversion\":0,\"partition\":5637144576,\"sysrowversion\":0,\"recid\":22565421176,\"tableid\":4117,\"versionnumber\":0,\"createdon\":\"1900-01-01T00:00:00.000Z\"},\"maxValues\":{\"Id\":\"00001015-0000-0000-8700-01410500�\",\"SinkCreatedOn\":\"2024-03-05T22:41:45.433Z\",\"SinkModifiedOn\":\"2024-03-05T22:41:45.433Z\",\"priceincludesalestax\":0,\"ispublicsector_it\":0,\"sysdatastatecode\":0,\"bankcustpaymidtable\":0,\"clearingperiod\":\"Net30\",\"custgroup\":\"Физик\",\"defaultdimension\":0,\"name\":\"零售店\",\"paymtermid\":\"Net30\",\"taxgroupid\":\"НДС\",\"custwriteoffrefrecid\":5637144578,\"custaccountnumseq\":0,\"accountingcurrencyexchangeratetype\":0,\"reportingcurrencyexchangeratetype\":0,\"modifieddatetime\":\"1900-01-01T00:00:00.000Z\",\"modifiedtransactionid\":0,\"createddatetime\":\"1900-01-01T00:00:00.000Z\",\"createdtransactionid\":0,\"dataareaid\":\"ussi\",\"recversion\":0,\"partition\":5637144576,\"sysrowversion\":0,\"recid\":68719479090,\"tableid\":4117,\"versionnumber\":0,\"createdon\":\"1900-01-01T00:00:00.000Z\"},\"nullCount\":{\"Id\":0,\"SinkCreatedOn\":0,\"SinkModifiedOn\":0,\"priceincludesalestax\":0,\"ispublicsector_it\":0,\"sysdatastatecode\":0,\"bankcustpaymidtable\":0,\"clearingperiod\":37,\"custgroup\":0,\"defaultdimension\":0,\"name\":4,\"paymtermid\":34,\"taxgroupid\":94,\"taxperiodpaymentcode_pl\":101,\"custwriteoffrefrecid\":0,\"custaccountnumseq\":0,\"accountingcurrencyexchangeratetype\":0,\"reportingcurrencyexchangeratetype\":0,\"modifieddatetime\":0,\"modifiedby\":101,\"modifiedtransactionid\":0,\"createddatetime\":0,\"createdby\":101,\"createdtransactionid\":0,\"dataareaid\":0,\"recversion\":0,\"partition\":0,\"sysrowversion\":0,\"recid\":0,\"tableid\":0,\"versionnumber\":0,\"createdon\":0}}","tags":{}}}
{"remove":{"path":"PartitionId=1900/part-00000-04d5875b-5080-4ee0-a29e-12c7260aabf2.c000.snappy.parquet","deletionTimestamp":1709759461810,"dataChange":false,"extendedFileMetadata":true,"partitionValues":{"PartitionId":"1900"},"size":13543,"tags":{}}}
