{"commitInfo":{"timestamp":1709678526058,"operation":"WRITE","operationParameters":{"mode":"ErrorIfExists","partitionBy":"[\"PartitionId\"]"},"isolationLevel":"Serializable","isBlindAppend":true,"operationMetrics":{"numFiles":"1","numOutputRows":"101","numOutputBytes":"13543"},"engineInfo":"Apache-Spark/3.3.1.5.2-117504963 Delta-Lake/2.2.0.10","txnId":"6405f923-57b5-458a-a5e3-98bbdc5fb82f"}}
{"protocol":{"minReaderVersion":1,"minWriterVersion":2}}
{"metaData":{"id":"210a3e36-0f39-4c2b-9724-968dac066c29","format":{"provider":"parquet","options":{}},"schemaString":"{\"type\":\"struct\",\"fields\":[{\"name\":\"Id\",\"type\":\"string\",\"nullable\":true,\"metadata\":{}},{\"name\":\"SinkCreatedOn\",\"type\":\"timestamp\",\"nullable\":true,\"metadata\":{}},{\"name\":\"SinkModifiedOn\",\"type\":\"timestamp\",\"nullable\":true,\"metadata\":{}},{\"name\":\"priceincludesalestax\",\"type\":\"long\",\"nullable\":true,\"metadata\":{}},{\"name\":\"ispublicsector_it\",\"type\":\"long\",\"nullable\":true,\"metadata\":{}},{\"name\":\"sysdatastatecode\",\"type\":\"long\",\"nullable\":true,\"metadata\":{}},{\"name\":\"bankcustpaymidtable\",\"type\":\"long\",\"nullable\":true,\"metadata\":{}},{\"name\":\"clearingperiod\",\"type\":\"string\",\"nullable\":true,\"metadata\":{}},{\"name\":\"custgroup\",\"type\":\"string\",\"nullable\":true,\"metadata\":{}},{\"name\":\"defaultdimension\",\"type\":\"long\",\"nullable\":true,\"metadata\":{}},{\"name\":\"name\",\"type\":\"string\",\"nullable\":true,\"metadata\":{}},{\"name\":\"paymtermid\",\"type\":\"string\",\"nullable\":true,\"metadata\":{}},{\"name\":\"taxgroupid\",\"type\":\"string\",\"nullable\":true,\"metadata\":{}},{\"name\":\"taxperiodpaymentcode_pl\",\"type\":\"string\",\"nullable\":true,\"metadata\":{}},{\"name\":\"custwriteoffrefrecid\",\"type\":\"long\",\"nullable\":true,\"metadata\":{}},{\"name\":\"custaccountnumseq\",\"type\":\"long\",\"nullable\":true,\"metadata\":{}},{\"name\":\"accountingcurrencyexchangeratetype\",\"type\":\"long\",\"nullable\":true,\"metadata\":{}},{\"name\":\"reportingcurrencyexchangeratetype\",\"type\":\"long\",\"nullable\":true,\"metadata\":{}},{\"name\":\"modifieddatetime\",\"type\":\"timestamp\",\"nullable\":true,\"metadata\":{}},{\"name\":\"modifiedby\",\"type\":\"string\",\"nullable\":true,\"metadata\":{}},{\"name\":\"modifiedtransactionid\",\"type\":\"long\",\"nullable\":true,\"metadata\":{}},{\"name\":\"createddatetime\",\"type\":\"timestamp\",\"nullable\":true,\"metadata\":{}},{\"name\":\"createdby\",\"type\":\"string\",\"nullable\":true,\"metadata\":{}},{\"name\":\"createdtransactionid\",\"type\":\"long\",\"nullable\":true,\"metadata\":{}},{\"name\":\"dataareaid\",\"type\":\"string\",\"nullable\":true,\"metadata\":{}},{\"name\":\"recversion\",\"type\":\"long\",\"nullable\":true,\"metadata\":{}},{\"name\":\"partition\",\"type\":\"long\",\"nullable\":true,\"metadata\":{}},{\"name\":\"sysrowversion\",\"type\":\"long\",\"nullable\":true,\"metadata\":{}},{\"name\":\"recid\",\"type\":\"long\",\"nullable\":true,\"metadata\":{}},{\"name\":\"tableid\",\"type\":\"long\",\"nullable\":true,\"metadata\":{}},{\"name\":\"versionnumber\",\"type\":\"long\",\"nullable\":true,\"metadata\":{}},{\"name\":\"createdon\",\"type\":\"timestamp\",\"nullable\":true,\"metadata\":{}},{\"name\":\"modifiedon\",\"type\":\"timestamp\",\"nullable\":true,\"metadata\":{}},{\"name\":\"IsDelete\",\"type\":\"boolean\",\"nullable\":true,\"metadata\":{}},{\"name\":\"createdonpartition\",\"type\":\"string\",\"nullable\":true,\"metadata\":{}},{\"name\":\"PartitionId\",\"type\":\"string\",\"nullable\":true,\"metadata\":{}}]}","partitionColumns":["PartitionId"],"configuration":{},"createdTime":1709678507422}}
{"add":{"path":"PartitionId=1900/part-00000-04d5875b-5080-4ee0-a29e-12c7260aabf2.c000.snappy.parquet","partitionValues":{"PartitionId":"1900"},"size":13543,"modificationTime":1709678525902,"dataChange":true,"stats":"{\"numRecords\":101,\"minValues\":{\"Id\":\"00001015-0000-0000-2a09-00001000\",\"SinkCreatedOn\":\"2024-03-05T22:41:45.433Z\",\"SinkModifiedOn\":\"2024-03-05T22:41:45.433Z\",\"priceincludesalestax\":0,\"ispublicsector_it\":0,\"sysdatastatecode\":0,\"bankcustpaymidtable\":0,\"clearingperiod\":\"COD\",\"custgroup\":\"010\",\"defaultdimension\":0,\"name\":\"Autres Clients\",\"paymtermid\":\"15D\",\"taxgroupid\":\"EXMPT FOR\",\"custwriteoffrefrecid\":0,\"custaccountnumseq\":0,\"accountingcurrencyexchangeratetype\":0,\"reportingcurrencyexchangeratetype\":0,\"modifieddatetime\":\"1900-01-01T00:00:00.000Z\",\"modifiedtransactionid\":0,\"createddatetime\":\"1900-01-01T00:00:00.000Z\",\"createdtransactionid\":0,\"dataareaid\":\"brmf\",\"recversion\":0,\"partition\":5637144576,\"sysrowversion\":0,\"recid\":22565421176,\"tableid\":4117,\"versionnumber\":0,\"createdon\":\"1900-01-01T00:00:00.000Z\"},\"maxValues\":{\"Id\":\"00001015-0000-0000-8700-01410500�\",\"SinkCreatedOn\":\"2024-03-05T22:41:45.433Z\",\"SinkModifiedOn\":\"2024-03-05T22:41:45.433Z\",\"priceincludesalestax\":0,\"ispublicsector_it\":0,\"sysdatastatecode\":0,\"bankcustpaymidtable\":0,\"clearingperiod\":\"Net30\",\"custgroup\":\"Физик\",\"defaultdimension\":0,\"name\":\"零售店\",\"paymtermid\":\"Net30\",\"taxgroupid\":\"НДС\",\"custwriteoffrefrecid\":5637144578,\"custaccountnumseq\":0,\"accountingcurrencyexchangeratetype\":0,\"reportingcurrencyexchangeratetype\":0,\"modifieddatetime\":\"1900-01-01T00:00:00.000Z\",\"modifiedtransactionid\":0,\"createddatetime\":\"1900-01-01T00:00:00.000Z\",\"createdtransactionid\":0,\"dataareaid\":\"ussi\",\"recversion\":0,\"partition\":5637144576,\"sysrowversion\":0,\"recid\":68719479090,\"tableid\":4117,\"versionnumber\":0,\"createdon\":\"1900-01-01T00:00:00.000Z\"},\"nullCount\":{\"Id\":0,\"SinkCreatedOn\":0,\"SinkModifiedOn\":0,\"priceincludesalestax\":0,\"ispublicsector_it\":0,\"sysdatastatecode\":0,\"bankcustpaymidtable\":0,\"clearingperiod\":37,\"custgroup\":0,\"defaultdimension\":0,\"name\":4,\"paymtermid\":34,\"taxgroupid\":94,\"taxperiodpaymentcode_pl\":101,\"custwriteoffrefrecid\":0,\"custaccountnumseq\":0,\"accountingcurrencyexchangeratetype\":0,\"reportingcurrencyexchangeratetype\":0,\"modifieddatetime\":0,\"modifiedby\":101,\"modifiedtransactionid\":0,\"createddatetime\":0,\"createdby\":101,\"createdtransactionid\":0,\"dataareaid\":0,\"recversion\":0,\"partition\":0,\"sysrowversion\":0,\"recid\":0,\"tableid\":0,\"versionnumber\":0,\"createdon\":0}}","tags":{}}}
