{"protocol":{"minReaderVersion":1,"minWriterVersion":2,"readerFeatures":null,"writerFeatures":null}}
{"metaData":{"id":"58c04303-c7eb-4e9a-ae82-e786acae30bc","format":{"provider":"parquet","options":{}},"schemaString":"{\"type\":\"struct\",\"fields\":[{\"name\":\"Date\",\"type\":\"date\",\"nullable\":true,\"metadata\":{}},{\"name\":\"Year\",\"type\":\"long\",\"nullable\":true,\"metadata\":{}},{\"name\":\"Month\",\"type\":\"long\",\"nullable\":true,\"metadata\":{}},{\"name\":\"Day\",\"type\":\"long\",\"nullable\":true,\"metadata\":{}},{\"name\":\"MonthName\",\"type\":\"string\",\"nullable\":true,\"metadata\":{}},{\"name\":\"YearMonth\",\"type\":\"string\",\"nullable\":true,\"metadata\":{}}]}","partitionColumns":[],"createdTime":1710007093323,"configuration":{}}}
{"commitInfo":{"operation":"ReplaceTable","engineInfo":"Mashup Engine/2.127.301.0","additionalCommitInfo":null}}
{"add":{"path":"d9662817ba6d4fe4914930f7bdd9b005.parquet","partitionValues":{},"size":402,"modificationTime":1710007093950,"dataChange":true,"stats":"{\"numRecords\":0,\"minValues\":{\"Date\":\"\",\"Year\":null,\"Month\":null,\"Day\":null,\"MonthName\":\"\",\"YearMonth\":\"\"},\"maxValues\":{\"Date\":\"\",\"Year\":null,\"Month\":null,\"Day\":null,\"MonthName\":\"\",\"YearMonth\":\"\"},\"nullCount\":{\"Date\":0,\"Year\":0,\"Month\":0,\"Day\":0,\"MonthName\":0,\"YearMonth\":0}}","tags":{"VORDER":"true"}}}
