{"commitInfo":{"operation":"Update","engineInfo":"Mashup Engine/2.127.301.0","additionalCommitInfo":null}}
{"add":{"path":"a051970900374ed1a49a731b56f92cd6.parquet","partitionValues":{},"size":19671,"modificationTime":1710007101752,"dataChange":true,"stats":"{\"numRecords\":3654,\"minValues\":{\"Date\":\"2015-01-01\",\"Year\":2015.0,\"Month\":1.0,\"Day\":1.0,\"MonthName\":\"April\",\"YearMonth\":\"2015-01\"},\"maxValues\":{\"Date\":\"2025-01-01\",\"Year\":2025.0,\"Month\":12.0,\"Day\":31.0,\"MonthName\":\"September\",\"YearMonth\":\"2025-01\"},\"nullCount\":{\"Date\":0,\"Year\":0,\"Month\":0,\"Day\":0,\"MonthName\":0,\"YearMonth\":0}}","tags":{"VORDER":"true"}}}
