{"commitInfo":{"timestamp":1709672059613,"operation":"WRITE","operationParameters":{"mode":"ErrorIfExists","partitionBy":"[]"},"isolationLevel":"Serializable","isBlindAppend":true,"operationMetrics":{"numFiles":"1","numOutputRows":"1","numOutputBytes":"2206"},"engineInfo":"Apache-Spark/3.3.1.5.2-117504963 Delta-Lake/2.2.0.10","txnId":"4d6d2e4c-5c20-4f02-9ccc-2d3195413896"}}
{"protocol":{"minReaderVersion":1,"minWriterVersion":2}}
{"metaData":{"id":"91de9cb5-dc2d-4535-aea2-b2698dbdb147","format":{"provider":"parquet","options":{}},"schemaString":"{\"type\":\"struct\",\"fields\":[{\"name\":\"EntityName\",\"type\":\"string\",\"nullable\":true,\"metadata\":{}},{\"name\":\"State\",\"type\":\"long\",\"nullable\":true,\"metadata\":{}},{\"name\":\"Status\",\"type\":\"long\",\"nullable\":true,\"metadata\":{}},{\"name\":\"IsUserLocalizedLabel\",\"type\":\"boolean\",\"nullable\":true,\"metadata\":{}},{\"name\":\"LocalizedLabelLanguageCode\",\"type\":\"long\",\"nullable\":true,\"metadata\":{}},{\"name\":\"LocalizedLabel\",\"type\":\"string\",\"nullable\":true,\"metadata\":{}},{\"name\":\"ExternalValue\",\"type\":\"string\",\"nullable\":true,\"metadata\":{}},{\"name\":\"createdonpartition\",\"type\":\"string\",\"nullable\":true,\"metadata\":{}}]}","partitionColumns":[],"configuration":{},"createdTime":1709672056907}}
{"add":{"path":"part-00000-45aba762-28de-46aa-ab08-77223835a649-c000.snappy.parquet","partitionValues":{},"size":2206,"modificationTime":1709672059456,"dataChange":true,"stats":"{\"numRecords\":1,\"minValues\":{\"createdonpartition\":\"2024-03-05 08:54.17\"},\"maxValues\":{\"createdonpartition\":\"2024-03-05 08:54.17\"},\"nullCount\":{\"EntityName\":1,\"State\":1,\"Status\":1,\"IsUserLocalizedLabel\":1,\"LocalizedLabelLanguageCode\":1,\"LocalizedLabel\":1,\"ExternalValue\":1,\"createdonpartition\":0}}","tags":{}}}
