{"commitInfo":{"timestamp":1709714374872,"operation":"WRITE","operationParameters":{"mode":"Overwrite","partitionBy":"[]"},"readVersion":4,"isolationLevel":"Serializable","isBlindAppend":false,"operationMetrics":{"numFiles":"1","numOutputRows":"1","numOutputBytes":"2206"},"engineInfo":"Apache-Spark/3.3.1.5.2-117504963 Delta-Lake/2.2.0.10","txnId":"3b61f6a3-32ca-4368-bae1-fc59f1c0d06f"}}
{"add":{"path":"part-00000-f9589930-f8f6-4283-ae3e-15f677dccf6a-c000.snappy.parquet","partitionValues":{},"size":2206,"modificationTime":1709714373817,"dataChange":true,"stats":"{\"numRecords\":1,\"minValues\":{\"createdonpartition\":\"2024-03-06 08:39.23\"},\"maxValues\":{\"createdonpartition\":\"2024-03-06 08:39.23\"},\"nullCount\":{\"EntityName\":1,\"State\":1,\"Status\":1,\"IsUserLocalizedLabel\":1,\"LocalizedLabelLanguageCode\":1,\"LocalizedLabel\":1,\"ExternalValue\":1,\"createdonpartition\":0}}","tags":{}}}
{"remove":{"path":"part-00000-58a4882e-7684-46db-a995-c7f64ac0063b-c000.snappy.parquet","deletionTimestamp":1709714374871,"dataChange":true,"extendedFileMetadata":true,"partitionValues":{},"size":2206,"tags":{}}}
