{"commitInfo":{"timestamp":1709691890132,"operation":"WRITE","operationParameters":{"mode":"Overwrite","partitionBy":"[]"},"readVersion":2,"isolationLevel":"Serializable","isBlindAppend":false,"operationMetrics":{"numFiles":"1","numOutputRows":"1","numOutputBytes":"2206"},"engineInfo":"Apache-Spark/3.3.1.5.2-117504963 Delta-Lake/2.2.0.10","txnId":"edd66e28-e9cc-4290-9745-47a80506dc2f"}}
{"add":{"path":"part-00000-518c811e-479a-4262-942b-24bb04bf6048-c000.snappy.parquet","partitionValues":{},"size":2206,"modificationTime":1709691889219,"dataChange":true,"stats":"{\"numRecords\":1,\"minValues\":{\"createdonpartition\":\"2024-03-06 02:24.46\"},\"maxValues\":{\"createdonpartition\":\"2024-03-06 02:24.46\"},\"nullCount\":{\"EntityName\":1,\"State\":1,\"Status\":1,\"IsUserLocalizedLabel\":1,\"LocalizedLabelLanguageCode\":1,\"LocalizedLabel\":1,\"ExternalValue\":1,\"createdonpartition\":0}}","tags":{}}}
{"remove":{"path":"part-00000-943c66bb-81f4-4392-b0bd-a44b37789638-c000.snappy.parquet","deletionTimestamp":1709691890132,"dataChange":true,"extendedFileMetadata":true,"partitionValues":{},"size":2206,"tags":{}}}
