{"commitInfo":{"timestamp":1709719735084,"operation":"WRITE","operationParameters":{"mode":"Overwrite","partitionBy":"[]"},"readVersion":7,"isolationLevel":"Serializable","isBlindAppend":false,"operationMetrics":{"numFiles":"1","numOutputRows":"1","numOutputBytes":"2206"},"engineInfo":"Apache-Spark/3.3.1.5.2-117504963 Delta-Lake/2.2.0.10","txnId":"63f9e7cb-9a4f-4d9b-b075-dd724381e15b"}}
{"add":{"path":"part-00000-37dd2032-51b3-433e-90e4-54a3bf576b4e-c000.snappy.parquet","partitionValues":{},"size":2206,"modificationTime":1709719731360,"dataChange":true,"stats":"{\"numRecords\":1,\"minValues\":{\"createdonpartition\":\"2024-03-06 10:08.41\"},\"maxValues\":{\"createdonpartition\":\"2024-03-06 10:08.41\"},\"nullCount\":{\"EntityName\":1,\"State\":1,\"Status\":1,\"IsUserLocalizedLabel\":1,\"LocalizedLabelLanguageCode\":1,\"LocalizedLabel\":1,\"ExternalValue\":1,\"createdonpartition\":0}}","tags":{}}}
{"remove":{"path":"part-00000-332b7725-3c78-4820-adf3-8604540fb8fe-c000.snappy.parquet","deletionTimestamp":1709719735026,"dataChange":true,"extendedFileMetadata":true,"partitionValues":{},"size":2206,"tags":{}}}
