{"commitInfo":{"timestamp":1709692782129,"operation":"WRITE","operationParameters":{"mode":"Overwrite","partitionBy":"[]"},"readVersion":3,"isolationLevel":"Serializable","isBlindAppend":false,"operationMetrics":{"numFiles":"1","numOutputRows":"1","numOutputBytes":"2206"},"engineInfo":"Apache-Spark/3.3.1.5.2-117504963 Delta-Lake/2.2.0.10","txnId":"fa2014a8-48ee-4d81-ad6d-bd7ac90e4b5b"}}
{"add":{"path":"part-00000-58a4882e-7684-46db-a995-c7f64ac0063b-c000.snappy.parquet","partitionValues":{},"size":2206,"modificationTime":1709692781506,"dataChange":true,"stats":"{\"numRecords\":1,\"minValues\":{\"createdonpartition\":\"2024-03-06 02:39.40\"},\"maxValues\":{\"createdonpartition\":\"2024-03-06 02:39.40\"},\"nullCount\":{\"EntityName\":1,\"State\":1,\"Status\":1,\"IsUserLocalizedLabel\":1,\"LocalizedLabelLanguageCode\":1,\"LocalizedLabel\":1,\"ExternalValue\":1,\"createdonpartition\":0}}","tags":{}}}
{"remove":{"path":"part-00000-518c811e-479a-4262-942b-24bb04bf6048-c000.snappy.parquet","deletionTimestamp":1709692782129,"dataChange":true,"extendedFileMetadata":true,"partitionValues":{},"size":2206,"tags":{}}}
