{"commitInfo":{"timestamp":1709678655468,"operation":"WRITE","operationParameters":{"mode":"Overwrite","partitionBy":"[]"},"readVersion":1,"isolationLevel":"Serializable","isBlindAppend":false,"operationMetrics":{"numFiles":"1","numOutputRows":"1","numOutputBytes":"2206"},"engineInfo":"Apache-Spark/3.3.1.5.2-117504963 Delta-Lake/2.2.0.10","txnId":"538fcfe5-ee74-4452-aeea-adeef301a273"}}
{"add":{"path":"part-00000-943c66bb-81f4-4392-b0bd-a44b37789638-c000.snappy.parquet","partitionValues":{},"size":2206,"modificationTime":1709678654671,"dataChange":true,"stats":"{\"numRecords\":1,\"minValues\":{\"createdonpartition\":\"2024-03-05 10:44.13\"},\"maxValues\":{\"createdonpartition\":\"2024-03-05 10:44.13\"},\"nullCount\":{\"EntityName\":1,\"State\":1,\"Status\":1,\"IsUserLocalizedLabel\":1,\"LocalizedLabelLanguageCode\":1,\"LocalizedLabel\":1,\"ExternalValue\":1,\"createdonpartition\":0}}","tags":{}}}
{"remove":{"path":"part-00000-e8ae9878-cb3f-478b-9f4e-47f3164193df-c000.snappy.parquet","deletionTimestamp":1709678655465,"dataChange":true,"extendedFileMetadata":true,"partitionValues":{},"size":2206,"tags":{}}}
