{"commitInfo":{"timestamp":1709717958333,"operation":"WRITE","operationParameters":{"mode":"Overwrite","partitionBy":"[]"},"readVersion":5,"isolationLevel":"Serializable","isBlindAppend":false,"operationMetrics":{"numFiles":"1","numOutputRows":"1","numOutputBytes":"2206"},"engineInfo":"Apache-Spark/3.3.1.5.2-117504963 Delta-Lake/2.2.0.10","txnId":"29e056be-fb0a-45fe-a020-3cc604191a79"}}
{"add":{"path":"part-00000-6275d70d-d017-4bdc-81bc-fa94e42db516-c000.snappy.parquet","partitionValues":{},"size":2206,"modificationTime":1709717956046,"dataChange":true,"stats":"{\"numRecords\":1,\"minValues\":{\"createdonpartition\":\"2024-03-06 09:39.08\"},\"maxValues\":{\"createdonpartition\":\"2024-03-06 09:39.08\"},\"nullCount\":{\"EntityName\":1,\"State\":1,\"Status\":1,\"IsUserLocalizedLabel\":1,\"LocalizedLabelLanguageCode\":1,\"LocalizedLabel\":1,\"ExternalValue\":1,\"createdonpartition\":0}}","tags":{}}}
{"remove":{"path":"part-00000-f9589930-f8f6-4283-ae3e-15f677dccf6a-c000.snappy.parquet","deletionTimestamp":1709717958333,"dataChange":true,"extendedFileMetadata":true,"partitionValues":{},"size":2206,"tags":{}}}
