{"commitInfo":{"timestamp":1709718869609,"operation":"WRITE","operationParameters":{"mode":"Overwrite","partitionBy":"[]"},"readVersion":6,"isolationLevel":"Serializable","isBlindAppend":false,"operationMetrics":{"numFiles":"1","numOutputRows":"1","numOutputBytes":"2206"},"engineInfo":"Apache-Spark/3.3.1.5.2-117504963 Delta-Lake/2.2.0.10","txnId":"ea26dbaa-3cd6-4840-a0d8-bc61ffa9accf"}}
{"add":{"path":"part-00000-332b7725-3c78-4820-adf3-8604540fb8fe-c000.snappy.parquet","partitionValues":{},"size":2206,"modificationTime":1709718868613,"dataChange":true,"stats":"{\"numRecords\":1,\"minValues\":{\"createdonpartition\":\"2024-03-06 09:54.27\"},\"maxValues\":{\"createdonpartition\":\"2024-03-06 09:54.27\"},\"nullCount\":{\"EntityName\":1,\"State\":1,\"Status\":1,\"IsUserLocalizedLabel\":1,\"LocalizedLabelLanguageCode\":1,\"LocalizedLabel\":1,\"ExternalValue\":1,\"createdonpartition\":0}}","tags":{}}}
{"remove":{"path":"part-00000-6275d70d-d017-4bdc-81bc-fa94e42db516-c000.snappy.parquet","deletionTimestamp":1709718869608,"dataChange":true,"extendedFileMetadata":true,"partitionValues":{},"size":2206,"tags":{}}}
