{"commitInfo":{"timestamp":1709673836846,"operation":"WRITE","operationParameters":{"mode":"Overwrite","partitionBy":"[]"},"readVersion":0,"isolationLevel":"Serializable","isBlindAppend":false,"operationMetrics":{"numFiles":"1","numOutputRows":"1","numOutputBytes":"2206"},"engineInfo":"Apache-Spark/3.3.1.5.2-117504963 Delta-Lake/2.2.0.10","txnId":"532441cc-6ec6-423b-94a5-6d1913034e2f"}}
{"add":{"path":"part-00000-e8ae9878-cb3f-478b-9f4e-47f3164193df-c000.snappy.parquet","partitionValues":{},"size":2206,"modificationTime":1709673830559,"dataChange":true,"stats":"{\"numRecords\":1,\"minValues\":{\"createdonpartition\":\"2024-03-05 09:23.39\"},\"maxValues\":{\"createdonpartition\":\"2024-03-05 09:23.39\"},\"nullCount\":{\"EntityName\":1,\"State\":1,\"Status\":1,\"IsUserLocalizedLabel\":1,\"LocalizedLabelLanguageCode\":1,\"LocalizedLabel\":1,\"ExternalValue\":1,\"createdonpartition\":0}}","tags":{}}}
{"remove":{"path":"part-00000-45aba762-28de-46aa-ab08-77223835a649-c000.snappy.parquet","deletionTimestamp":1709673836846,"dataChange":true,"extendedFileMetadata":true,"partitionValues":{},"size":2206,"tags":{}}}
