{"commitInfo":{"timestamp":1709759548069,"operation":"WRITE","operationParameters":{"mode":"Overwrite","partitionBy":"[]"},"readVersion":8,"isolationLevel":"SnapshotIsolation","isBlindAppend":false,"operationMetrics":{"numFiles":"2","numOutputRows":"1","numOutputBytes":"3290"},"engineInfo":"Apache-Spark/3.3.1.5.2-117504963 Delta-Lake/2.2.0.10","txnId":"acf83424-5969-4809-96ca-23e8419861c6"}}
{"add":{"path":"part-00004-ab08309f-5549-4223-9861-cb3e85d7a76d-c000.snappy.parquet","partitionValues":{},"size":2206,"modificationTime":1709759547266,"dataChange":false,"stats":"{\"numRecords\":1,\"minValues\":{\"createdonpartition\":\"2024-03-06 10:08.41\"},\"maxValues\":{\"createdonpartition\":\"2024-03-06 10:08.41\"},\"nullCount\":{\"EntityName\":1,\"State\":1,\"Status\":1,\"IsUserLocalizedLabel\":1,\"LocalizedLabelLanguageCode\":1,\"LocalizedLabel\":1,\"ExternalValue\":1,\"createdonpartition\":0}}","tags":{}}}
{"remove":{"path":"part-00000-37dd2032-51b3-433e-90e4-54a3bf576b4e-c000.snappy.parquet","deletionTimestamp":1709759548069,"dataChange":false,"extendedFileMetadata":true,"partitionValues":{},"size":2206,"tags":{}}}
