{"commitInfo":{"timestamp":1709718844384,"operation":"WRITE","operationParameters":{"mode":"Overwrite","partitionBy":"[]"},"readVersion":6,"isolationLevel":"Serializable","isBlindAppend":false,"operationMetrics":{"numFiles":"1","numOutputRows":"4","numOutputBytes":"2388"},"engineInfo":"Apache-Spark/3.3.1.5.2-117504963 Delta-Lake/2.2.0.10","txnId":"765405c2-7536-45ab-b9fa-7581f547694c"}}
{"add":{"path":"part-00000-026fa4f8-f020-4d89-ace7-629ba0d1e876-c000.snappy.parquet","partitionValues":{},"size":2388,"modificationTime":1709718841932,"dataChange":true,"stats":"{\"numRecords\":4,\"minValues\":{\"EntityName\":\"mserp_inventonhandaientity\",\"AttributeName\":\"mserp_dataareaid_id\",\"ReferencedEntity\":\"cdm_company\",\"ReferencedAttribute\":\"cdm_companyid\",\"createdonpartition\":\"2024-03-06 09:53.51\"},\"maxValues\":{\"EntityName\":\"mserp_inventonhandaientity\",\"AttributeName\":\"mserp_fk_releasedproduct_id\",\"ReferencedEntity\":\"mserp_releasedproductaientity\",\"ReferencedAttribute\":\"mserp_releasedproductaientityid\",\"createdonpartition\":\"2024-03-06 09:53.51\"},\"nullCount\":{\"EntityName\":0,\"AttributeName\":0,\"ReferencedEntity\":0,\"ReferencedAttribute\":0,\"createdonpartition\":0}}","tags":{}}}
{"remove":{"path":"part-00000-702e39fc-3d54-45aa-b19e-fb0dcccf78dc-c000.snappy.parquet","deletionTimestamp":1709718844384,"dataChange":true,"extendedFileMetadata":true,"partitionValues":{},"size":2398,"tags":{}}}
