{"commitInfo":{"timestamp":1709719769157,"operation":"WRITE","operationParameters":{"mode":"Overwrite","partitionBy":"[]"},"readVersion":7,"isolationLevel":"Serializable","isBlindAppend":false,"operationMetrics":{"numFiles":"1","numOutputRows":"4","numOutputBytes":"2392"},"engineInfo":"Apache-Spark/3.3.1.5.2-117504963 Delta-Lake/2.2.0.10","txnId":"c7149c69-b9ae-43a7-a276-77fe4eebd6fd"}}
{"add":{"path":"part-00000-2a233948-6fd1-416f-b452-bc8324791fec-c000.snappy.parquet","partitionValues":{},"size":2392,"modificationTime":1709719766306,"dataChange":true,"stats":"{\"numRecords\":4,\"minValues\":{\"EntityName\":\"mserp_inventonhandaientity\",\"AttributeName\":\"mserp_dataareaid_id\",\"ReferencedEntity\":\"cdm_company\",\"ReferencedAttribute\":\"cdm_companyid\",\"createdonpartition\":\"2024-03-06 10:09.22\"},\"maxValues\":{\"EntityName\":\"mserp_inventonhandaientity\",\"AttributeName\":\"mserp_fk_releasedproduct_id\",\"ReferencedEntity\":\"mserp_releasedproductaientity\",\"ReferencedAttribute\":\"mserp_releasedproductaientityid\",\"createdonpartition\":\"2024-03-06 10:09.22\"},\"nullCount\":{\"EntityName\":0,\"AttributeName\":0,\"ReferencedEntity\":0,\"ReferencedAttribute\":0,\"createdonpartition\":0}}","tags":{}}}
{"remove":{"path":"part-00000-026fa4f8-f020-4d89-ace7-629ba0d1e876-c000.snappy.parquet","deletionTimestamp":1709719769155,"dataChange":true,"extendedFileMetadata":true,"partitionValues":{},"size":2388,"tags":{}}}
