{"commitInfo":{"timestamp":1709759557995,"operation":"WRITE","operationParameters":{"mode":"Overwrite","partitionBy":"[]"},"readVersion":8,"isolationLevel":"SnapshotIsolation","isBlindAppend":false,"operationMetrics":{"numFiles":"4","numOutputRows":"4","numOutputBytes":"9288"},"engineInfo":"Apache-Spark/3.3.1.5.2-117504963 Delta-Lake/2.2.0.10","txnId":"a0444c60-cbdd-4da5-abb0-a74f79584bb9"}}
{"add":{"path":"part-00000-b2aa87fb-160f-4d16-8728-5e3cd88386aa-c000.snappy.parquet","partitionValues":{},"size":2411,"modificationTime":1709759556850,"dataChange":false,"stats":"{\"numRecords\":1,\"minValues\":{\"EntityName\":\"mserp_inventonhandaientity\",\"AttributeName\":\"mserp_fk_inventlocation_id\",\"ReferencedEntity\":\"mserp_inventlocationaientity\",\"ReferencedAttribute\":\"mserp_inventlocationaientityid\",\"createdonpartition\":\"2024-03-06 10:09.22\"},\"maxValues\":{\"EntityName\":\"mserp_inventonhandaientity\",\"AttributeName\":\"mserp_fk_inventlocation_id\",\"ReferencedEntity\":\"mserp_inventlocationaientity\",\"ReferencedAttribute\":\"mserp_inventlocationaientityid\",\"createdonpartition\":\"2024-03-06 10:09.22\"},\"nullCount\":{\"EntityName\":0,\"AttributeName\":0,\"ReferencedEntity\":0,\"ReferencedAttribute\":0,\"createdonpartition\":0}}","tags":{}}}
{"add":{"path":"part-00001-dd6c6afe-383f-4bca-914e-ab2c710a799c-c000.snappy.parquet","partitionValues":{},"size":2323,"modificationTime":1709759557057,"dataChange":false,"stats":"{\"numRecords\":1,\"minValues\":{\"EntityName\":\"mserp_inventonhandaientity\",\"AttributeName\":\"mserp_fk_inventsite_id\",\"ReferencedEntity\":\"mserp_inventsiteaientity\",\"ReferencedAttribute\":\"mserp_inventsiteaientityid\",\"createdonpartition\":\"2024-03-06 10:09.22\"},\"maxValues\":{\"EntityName\":\"mserp_inventonhandaientity\",\"AttributeName\":\"mserp_fk_inventsite_id\",\"ReferencedEntity\":\"mserp_inventsiteaientity\",\"ReferencedAttribute\":\"mserp_inventsiteaientityid\",\"createdonpartition\":\"2024-03-06 10:09.22\"},\"nullCount\":{\"EntityName\":0,\"AttributeName\":0,\"ReferencedEntity\":0,\"ReferencedAttribute\":0,\"createdonpartition\":0}}","tags":{}}}
{"add":{"path":"part-00002-8950453c-0dc8-4060-b6bf-c39fc9f1fb4c-c000.snappy.parquet","partitionValues":{},"size":2119,"modificationTime":1709759557054,"dataChange":false,"stats":"{\"numRecords\":1,\"minValues\":{\"EntityName\":\"mserp_inventonhandaientity\",\"AttributeName\":\"mserp_dataareaid_id\",\"ReferencedEntity\":\"cdm_company\",\"ReferencedAttribute\":\"cdm_companyid\",\"createdonpartition\":\"2024-03-06 10:09.22\"},\"maxValues\":{\"EntityName\":\"mserp_inventonhandaientity\",\"AttributeName\":\"mserp_dataareaid_id\",\"ReferencedEntity\":\"cdm_company\",\"ReferencedAttribute\":\"cdm_companyid\",\"createdonpartition\":\"2024-03-06 10:09.22\"},\"nullCount\":{\"EntityName\":0,\"AttributeName\":0,\"ReferencedEntity\":0,\"ReferencedAttribute\":0,\"createdonpartition\":0}}","tags":{}}}
{"add":{"path":"part-00004-d13d22a8-bdea-4182-a23f-48095c0190f6-c000.snappy.parquet","partitionValues":{},"size":2435,"modificationTime":1709759557373,"dataChange":false,"stats":"{\"numRecords\":1,\"minValues\":{\"EntityName\":\"mserp_inventonhandaientity\",\"AttributeName\":\"mserp_fk_releasedproduct_id\",\"ReferencedEntity\":\"mserp_releasedproductaientity\",\"ReferencedAttribute\":\"mserp_releasedproductaientityid\",\"createdonpartition\":\"2024-03-06 10:09.22\"},\"maxValues\":{\"EntityName\":\"mserp_inventonhandaientity\",\"AttributeName\":\"mserp_fk_releasedproduct_id\",\"ReferencedEntity\":\"mserp_releasedproductaientity\",\"ReferencedAttribute\":\"mserp_releasedproductaientityid\",\"createdonpartition\":\"2024-03-06 10:09.22\"},\"nullCount\":{\"EntityName\":0,\"AttributeName\":0,\"ReferencedEntity\":0,\"ReferencedAttribute\":0,\"createdonpartition\":0}}","tags":{}}}
{"remove":{"path":"part-00000-2a233948-6fd1-416f-b452-bc8324791fec-c000.snappy.parquet","deletionTimestamp":1709759557994,"dataChange":false,"extendedFileMetadata":true,"partitionValues":{},"size":2392,"tags":{}}}
