{"commitInfo":{"timestamp":1709692766200,"operation":"WRITE","operationParameters":{"mode":"Overwrite","partitionBy":"[]"},"readVersion":3,"isolationLevel":"Serializable","isBlindAppend":false,"operationMetrics":{"numFiles":"1","numOutputRows":"1","numOutputBytes":"1583"},"engineInfo":"Apache-Spark/3.3.1.5.2-117504963 Delta-Lake/2.2.0.10","txnId":"59586618-96d7-4542-a223-51a3682ede8e"}}
{"add":{"path":"part-00000-30d62093-82c6-48f4-9cfc-e201b4fef9e6-c000.snappy.parquet","partitionValues":{},"size":1583,"modificationTime":1709692765166,"dataChange":true,"stats":"{\"numRecords\":1,\"minValues\":{\"createdonpartition\":\"2024-03-06 02:39.22\"},\"maxValues\":{\"createdonpartition\":\"2024-03-06 02:39.22\"},\"nullCount\":{\"EntityName\":1,\"AttributeName\":1,\"ReferencedEntity\":1,\"ReferencedAttribute\":1,\"createdonpartition\":0}}","tags":{}}}
{"remove":{"path":"part-00000-4e184de0-85cf-43ea-8f1b-65fff6647744-c000.snappy.parquet","deletionTimestamp":1709692766200,"dataChange":true,"extendedFileMetadata":true,"partitionValues":{},"size":1583,"tags":{}}}
