{"commitInfo":{"timestamp":1709673866807,"operation":"WRITE","operationParameters":{"mode":"Overwrite","partitionBy":"[]"},"readVersion":0,"isolationLevel":"Serializable","isBlindAppend":false,"operationMetrics":{"numFiles":"1","numOutputRows":"1","numOutputBytes":"1584"},"engineInfo":"Apache-Spark/3.3.1.5.2-117504963 Delta-Lake/2.2.0.10","txnId":"5e7a6d25-3b0e-4593-89e2-6d46f4bc796f"}}
{"add":{"path":"part-00000-541a6015-f583-4fe0-a1b3-a03df802ba73-c000.snappy.parquet","partitionValues":{},"size":1584,"modificationTime":1709673865776,"dataChange":true,"stats":"{\"numRecords\":1,\"minValues\":{\"createdonpartition\":\"2024-03-05 09:24.23\"},\"maxValues\":{\"createdonpartition\":\"2024-03-05 09:24.23\"},\"nullCount\":{\"EntityName\":1,\"AttributeName\":1,\"ReferencedEntity\":1,\"ReferencedAttribute\":1,\"createdonpartition\":0}}","tags":{}}}
{"remove":{"path":"part-00000-4f09b629-bc35-482c-986a-6081d6a423ff-c000.snappy.parquet","deletionTimestamp":1709673866807,"dataChange":true,"extendedFileMetadata":true,"partitionValues":{},"size":1584,"tags":{}}}
