{"commitInfo":{"timestamp":1709672024469,"operation":"WRITE","operationParameters":{"mode":"ErrorIfExists","partitionBy":"[]"},"isolationLevel":"Serializable","isBlindAppend":true,"operationMetrics":{"numFiles":"1","numOutputRows":"1","numOutputBytes":"1584"},"engineInfo":"Apache-Spark/3.3.1.5.2-117504963 Delta-Lake/2.2.0.10","txnId":"8b69369b-3a93-407e-acd2-97f437a096f4"}}
{"protocol":{"minReaderVersion":1,"minWriterVersion":2}}
{"metaData":{"id":"099b37f0-48da-48ee-8d04-0377491a8826","format":{"provider":"parquet","options":{}},"schemaString":"{\"type\":\"struct\",\"fields\":[{\"name\":\"EntityName\",\"type\":\"string\",\"nullable\":true,\"metadata\":{}},{\"name\":\"AttributeName\",\"type\":\"string\",\"nullable\":true,\"metadata\":{}},{\"name\":\"ReferencedEntity\",\"type\":\"string\",\"nullable\":true,\"metadata\":{}},{\"name\":\"ReferencedAttribute\",\"type\":\"string\",\"nullable\":true,\"metadata\":{}},{\"name\":\"createdonpartition\",\"type\":\"string\",\"nullable\":true,\"metadata\":{}}]}","partitionColumns":[],"configuration":{},"createdTime":1709672014391}}
{"add":{"path":"part-00000-4f09b629-bc35-482c-986a-6081d6a423ff-c000.snappy.parquet","partitionValues":{},"size":1584,"modificationTime":1709672022281,"dataChange":true,"stats":"{\"numRecords\":1,\"minValues\":{\"createdonpartition\":\"2024-03-05 08:53.35\"},\"maxValues\":{\"createdonpartition\":\"2024-03-05 08:53.35\"},\"nullCount\":{\"EntityName\":1,\"AttributeName\":1,\"ReferencedEntity\":1,\"ReferencedAttribute\":1,\"createdonpartition\":0}}","tags":{}}}
