{"commitInfo":{"timestamp":1709691888955,"operation":"WRITE","operationParameters":{"mode":"Overwrite","partitionBy":"[]"},"readVersion":2,"isolationLevel":"Serializable","isBlindAppend":false,"operationMetrics":{"numFiles":"1","numOutputRows":"1","numOutputBytes":"1583"},"engineInfo":"Apache-Spark/3.3.1.5.2-117504963 Delta-Lake/2.2.0.10","txnId":"ddaf0972-e4ff-4b85-9d88-2cf3002ef667"}}
{"add":{"path":"part-00000-4e184de0-85cf-43ea-8f1b-65fff6647744-c000.snappy.parquet","partitionValues":{},"size":1583,"modificationTime":1709691887555,"dataChange":true,"stats":"{\"numRecords\":1,\"minValues\":{\"createdonpartition\":\"2024-03-06 02:24.41\"},\"maxValues\":{\"createdonpartition\":\"2024-03-06 02:24.41\"},\"nullCount\":{\"EntityName\":1,\"AttributeName\":1,\"ReferencedEntity\":1,\"ReferencedAttribute\":1,\"createdonpartition\":0}}","tags":{}}}
{"remove":{"path":"part-00000-92c28885-55cd-4106-b0aa-27b83178dc7f-c000.snappy.parquet","deletionTimestamp":1709691888954,"dataChange":true,"extendedFileMetadata":true,"partitionValues":{},"size":1584,"tags":{}}}
