{"commitInfo":{"timestamp":1709714407940,"operation":"WRITE","operationParameters":{"mode":"Overwrite","partitionBy":"[]"},"readVersion":4,"isolationLevel":"Serializable","isBlindAppend":false,"operationMetrics":{"numFiles":"1","numOutputRows":"1","numOutputBytes":"1584"},"engineInfo":"Apache-Spark/3.3.1.5.2-117504963 Delta-Lake/2.2.0.10","txnId":"e519e770-baf9-4dbe-984a-507104e3a66b"}}
{"add":{"path":"part-00000-a4350b44-ae2b-44a8-a3c7-d005d65f3a4e-c000.snappy.parquet","partitionValues":{},"size":1584,"modificationTime":1709714406270,"dataChange":true,"stats":"{\"numRecords\":1,\"minValues\":{\"createdonpartition\":\"2024-03-06 08:40.00\"},\"maxValues\":{\"createdonpartition\":\"2024-03-06 08:40.00\"},\"nullCount\":{\"EntityName\":1,\"AttributeName\":1,\"ReferencedEntity\":1,\"ReferencedAttribute\":1,\"createdonpartition\":0}}","tags":{}}}
{"remove":{"path":"part-00000-30d62093-82c6-48f4-9cfc-e201b4fef9e6-c000.snappy.parquet","deletionTimestamp":1709714407939,"dataChange":true,"extendedFileMetadata":true,"partitionValues":{},"size":1583,"tags":{}}}
