{"commitInfo":{"timestamp":1709678709047,"operation":"WRITE","operationParameters":{"mode":"Overwrite","partitionBy":"[]"},"readVersion":1,"isolationLevel":"Serializable","isBlindAppend":false,"operationMetrics":{"numFiles":"1","numOutputRows":"1","numOutputBytes":"1584"},"engineInfo":"Apache-Spark/3.3.1.5.2-117504963 Delta-Lake/2.2.0.10","txnId":"ade2bba5-f314-4ece-ab4a-19df709da19c"}}
{"add":{"path":"part-00000-92c28885-55cd-4106-b0aa-27b83178dc7f-c000.snappy.parquet","partitionValues":{},"size":1584,"modificationTime":1709678708354,"dataChange":true,"stats":"{\"numRecords\":1,\"minValues\":{\"createdonpartition\":\"2024-03-05 10:45.07\"},\"maxValues\":{\"createdonpartition\":\"2024-03-05 10:45.07\"},\"nullCount\":{\"EntityName\":1,\"AttributeName\":1,\"ReferencedEntity\":1,\"ReferencedAttribute\":1,\"createdonpartition\":0}}","tags":{}}}
{"remove":{"path":"part-00000-541a6015-f583-4fe0-a1b3-a03df802ba73-c000.snappy.parquet","deletionTimestamp":1709678709047,"dataChange":true,"extendedFileMetadata":true,"partitionValues":{},"size":1584,"tags":{}}}
