{"commitInfo":{"timestamp":1709717955181,"operation":"WRITE","operationParameters":{"mode":"Overwrite","partitionBy":"[]"},"readVersion":5,"isolationLevel":"Serializable","isBlindAppend":false,"operationMetrics":{"numFiles":"1","numOutputRows":"4","numOutputBytes":"2398"},"engineInfo":"Apache-Spark/3.3.1.5.2-117504963 Delta-Lake/2.2.0.10","txnId":"69b605bd-9145-4219-ba21-a26c20d60131"}}
{"add":{"path":"part-00000-702e39fc-3d54-45aa-b19e-fb0dcccf78dc-c000.snappy.parquet","partitionValues":{},"size":2398,"modificationTime":1709717952089,"dataChange":true,"stats":"{\"numRecords\":4,\"minValues\":{\"EntityName\":\"mserp_inventonhandaientity\",\"AttributeName\":\"mserp_dataareaid_id\",\"ReferencedEntity\":\"cdm_company\",\"ReferencedAttribute\":\"cdm_companyid\",\"createdonpartition\":\"2024-03-06 09:39.08\"},\"maxValues\":{\"EntityName\":\"mserp_inventonhandaientity\",\"AttributeName\":\"mserp_fk_releasedproduct_id\",\"ReferencedEntity\":\"mserp_releasedproductaientity\",\"ReferencedAttribute\":\"mserp_releasedproductaientityid\",\"createdonpartition\":\"2024-03-06 09:39.08\"},\"nullCount\":{\"EntityName\":0,\"AttributeName\":0,\"ReferencedEntity\":0,\"ReferencedAttribute\":0,\"createdonpartition\":0}}","tags":{}}}
{"remove":{"path":"part-00000-a4350b44-ae2b-44a8-a3c7-d005d65f3a4e-c000.snappy.parquet","deletionTimestamp":1709717955114,"dataChange":true,"extendedFileMetadata":true,"partitionValues":{},"size":1584,"tags":{}}}
