{"commitInfo":{"timestamp":1709678628010,"operation":"WRITE","operationParameters":{"mode":"ErrorIfExists","partitionBy":"[\"PartitionId\"]"},"isolationLevel":"Serializable","isBlindAppend":true,"operationMetrics":{"numFiles":"1","numOutputRows":"48","numOutputBytes":"28448"},"engineInfo":"Apache-Spark/3.3.1.5.2-117504963 Delta-Lake/2.2.0.10","txnId":"f886c0b8-d038-490a-821d-290d6740d99f"}}
{"protocol":{"minReaderVersion":1,"minWriterVersion":2}}
{"metaData":{"id":"f1f82d58-c2e4-4619-afee-bcd9fe39d1d6","format":{"provider":"parquet","options":{}},"schemaString":"{\"type\":\"struct\",\"fields\":[{\"name\":\"Id\",\"type\":\"string\",\"nullable\":true,\"metadata\":{}},{\"name\":\"SinkCreatedOn\",\"type\":\"timestamp\",\"nullable\":true,\"metadata\":{}},{\"name\":\"SinkModifiedOn\",\"type\":\"timestamp\",\"nullable\":true,\"metadata\":{}},{\"name\":\"type\",\"type\":\"long\",\"nullable\":true,\"metadata\":{}},{\"name\":\"usetranslationnamemethod\",\"type\":\"long\",\"nullable\":true,\"metadata\":{}},{\"name\":\"copyvaluesoncreate\",\"type\":\"long\",\"nullable\":true,\"metadata\":{}},{\"name\":\"givederiveddimensionsprecedence\",\"type\":\"long\",\"nullable\":true,\"metadata\":{}},{\"name\":\"isbalancing_psn\",\"type\":\"long\",\"nullable\":true,\"metadata\":{}},{\"name\":\"sysdatastatecode\",\"type\":\"long\",\"nullable\":true,\"metadata\":{}},{\"name\":\"backingentitykeyfieldid\",\"type\":\"long\",\"nullable\":true,\"metadata\":{}},{\"name\":\"backingentitykeyfieldname\",\"type\":\"string\",\"nullable\":true,\"metadata\":{}},{\"name\":\"backingentitytableid\",\"type\":\"long\",\"nullable\":true,\"metadata\":{}},{\"name\":\"backingentitytablename\",\"type\":\"string\",\"nullable\":true,\"metadata\":{}},{\"name\":\"backingentitytype\",\"type\":\"long\",\"nullable\":true,\"metadata\":{}},{\"name\":\"backingentityvaluefieldid\",\"type\":\"long\",\"nullable\":true,\"metadata\":{}},{\"name\":\"backingentityvaluefieldname\",\"type\":\"string\",\"nullable\":true,\"metadata\":{}},{\"name\":\"hashkey\",\"type\":\"string\",\"nullable\":true,\"metadata\":{}},{\"name\":\"keyattribute\",\"type\":\"long\",\"nullable\":true,\"metadata\":{}},{\"name\":\"name\",\"type\":\"string\",\"nullable\":true,\"metadata\":{}},{\"name\":\"nameattribute\",\"type\":\"long\",\"nullable\":true,\"metadata\":{}},{\"name\":\"reportcolumnname\",\"type\":\"string\",\"nullable\":true,\"metadata\":{}},{\"name\":\"translationkeyfieldid\",\"type\":\"long\",\"nullable\":true,\"metadata\":{}},{\"name\":\"translationkeyfieldname\",\"type\":\"string\",\"nullable\":true,\"metadata\":{}},{\"name\":\"translationlanguageidfieldid\",\"type\":\"long\",\"nullable\":true,\"metadata\":{}},{\"name\":\"translationlanguageidfieldname\",\"type\":\"string\",\"nullable\":true,\"metadata\":{}},{\"name\":\"translationnamefieldid\",\"type\":\"long\",\"nullable\":true,\"metadata\":{}},{\"name\":\"translationnamefieldname\",\"type\":\"string\",\"nullable\":true,\"metadata\":{}},{\"name\":\"translationtableid\",\"type\":\"long\",\"nullable\":true,\"metadata\":{}},{\"name\":\"translationtablename\",\"type\":\"string\",\"nullable\":true,\"metadata\":{}},{\"name\":\"valueattribute\",\"type\":\"long\",\"nullable\":true,\"metadata\":{}},{\"name\":\"viewname\",\"type\":\"string\",\"nullable\":true,\"metadata\":{}},{\"name\":\"translationviewkeyfieldname\",\"type\":\"string\",\"nullable\":true,\"metadata\":{}},{\"name\":\"translationviewlanguageidfieldname\",\"type\":\"string\",\"nullable\":true,\"metadata\":{}},{\"name\":\"translationviewname\",\"type\":\"string\",\"nullable\":true,\"metadata\":{}},{\"name\":\"translationviewnamefieldname\",\"type\":\"string\",\"nullable\":true,\"metadata\":{}},{\"name\":\"translationviewsystemlanguageidfieldname\",\"type\":\"string\",\"nullable\":true,\"metadata\":{}},{\"name\":\"translationviewtranslatednamefieldname\",\"type\":\"string\",\"nullable\":true,\"metadata\":{}},{\"name\":\"translationviewvaluefieldname\",\"type\":\"string\",\"nullable\":true,\"metadata\":{}},{\"name\":\"translationviewid\",\"type\":\"long\",\"nullable\":true,\"metadata\":{}},{\"name\":\"translationviewkeyfieldid\",\"type\":\"long\",\"nullable\":true,\"metadata\":{}},{\"name\":\"translationviewlanguageidfieldid\",\"type\":\"long\",\"nullable\":true,\"metadata\":{}},{\"name\":\"translationviewnamefieldid\",\"type\":\"long\",\"nullable\":true,\"metadata\":{}},{\"name\":\"translationviewsystemlanguageidfieldid\",\"type\":\"long\",\"nullable\":true,\"metadata\":{}},{\"name\":\"translationviewtranslatednamefieldid\",\"type\":\"long\",\"nullable\":true,\"metadata\":{}},{\"name\":\"translationviewvaluefieldid\",\"type\":\"long\",\"nullable\":true,\"metadata\":{}},{\"name\":\"dimensionkeycolumnname\",\"type\":\"string\",\"nullable\":true,\"metadata\":{}},{\"name\":\"dimensionvaluecolumnname\",\"type\":\"string\",\"nullable\":true,\"metadata\":{}},{\"name\":\"balancingdimension_psn\",\"type\":\"long\",\"nullable\":true,\"metadata\":{}},{\"name\":\"modifieddatetime\",\"type\":\"timestamp\",\"nullable\":true,\"metadata\":{}},{\"name\":\"modifiedby\",\"type\":\"string\",\"nullable\":true,\"metadata\":{}},{\"name\":\"modifiedtransactionid\",\"type\":\"long\",\"nullable\":true,\"metadata\":{}},{\"name\":\"createddatetime\",\"type\":\"timestamp\",\"nullable\":true,\"metadata\":{}},{\"name\":\"createdby\",\"type\":\"string\",\"nullable\":true,\"metadata\":{}},{\"name\":\"createdtransactionid\",\"type\":\"long\",\"nullable\":true,\"metadata\":{}},{\"name\":\"dataareaid\",\"type\":\"string\",\"nullable\":true,\"metadata\":{}},{\"name\":\"recversion\",\"type\":\"long\",\"nullable\":true,\"metadata\":{}},{\"name\":\"partition\",\"type\":\"long\",\"nullable\":true,\"metadata\":{}},{\"name\":\"sysrowversion\",\"type\":\"long\",\"nullable\":true,\"metadata\":{}},{\"name\":\"recid\",\"type\":\"long\",\"nullable\":true,\"metadata\":{}},{\"name\":\"tableid\",\"type\":\"long\",\"nullable\":true,\"metadata\":{}},{\"name\":\"versionnumber\",\"type\":\"long\",\"nullable\":true,\"metadata\":{}},{\"name\":\"createdon\",\"type\":\"timestamp\",\"nullable\":true,\"metadata\":{}},{\"name\":\"modifiedon\",\"type\":\"timestamp\",\"nullable\":true,\"metadata\":{}},{\"name\":\"IsDelete\",\"type\":\"boolean\",\"nullable\":true,\"metadata\":{}},{\"name\":\"createdonpartition\",\"type\":\"string\",\"nullable\":true,\"metadata\":{}},{\"name\":\"PartitionId\",\"type\":\"string\",\"nullable\":true,\"metadata\":{}}]}","partitionColumns":["PartitionId"],"configuration":{},"createdTime":1709678626227}}
{"add":{"path":"PartitionId=2019/part-00000-1e61e8a6-58b2-4022-bb09-f4d96aca7d63.c000.snappy.parquet","partitionValues":{"PartitionId":"2019"},"size":28448,"modificationTime":1709678627897,"dataChange":true,"stats":"{\"numRecords\":48,\"minValues\":{\"Id\":\"00002c5c-0000-0000-0000-00500100\",\"SinkCreatedOn\":\"2024-03-05T22:43:45.766Z\",\"SinkModifiedOn\":\"2024-03-05T22:43:45.766Z\",\"type\":0,\"usetranslationnamemethod\":0,\"copyvaluesoncreate\":0,\"givederiveddimensionsprecedence\":0,\"isbalancing_psn\":0,\"sysdatastatecode\":0,\"backingentitykeyfieldid\":65534,\"backingentitykeyfieldname\":\"RecId\",\"backingentitytableid\":1,\"backingentitytablename\":\"AgreementHeaderExt_RU\",\"backingentitytype\":550,\"backingentityvaluefieldid\":1,\"backingentityvaluefieldname\":\"AccountID\",\"hashkey\":\"0492f1fd-7b71-41f2-b727-87e86d29\",\"keyattribute\":1,\"name\":\"Agreement\",\"nameattribute\":1,\"reportcolumnname\":\"FE\",\"translationkeyfieldid\":0,\"translationkeyfieldname\":\"DimensionFinancialTag\",\"translationlanguageidfieldid\":0,\"translationlanguageidfieldname\":\"LanguageId\",\"translationnamefieldid\":0,\"translationnamefieldname\":\"Description\",\"translationtableid\":0,\"translationtablename\":\"DimensionFinancialTagTranslation\",\"valueattribute\":3,\"viewname\":\"DimAttributeAgreementHeaderExt_R\",\"translationviewkeyfieldname\":\"Key\"},\"maxValues\":{\"Id\":\"00002c5c-0000-0000-8d00-01410500�\",\"SinkCreatedOn\":\"2024-03-05T22:43:45.766Z\",\"SinkModifiedOn\":\"2024-03-05T22:43:45.766Z\",\"type\":3,\"usetranslationnamemethod\":1,\"copyvaluesoncreate\":0,\"givederiveddimensionsprecedence\":0,\"isbalancing_psn\":0,\"sysdatastatecode\":0,\"backingentitykeyfieldid\":65534,\"backingentitykeyfieldname\":\"RecId\",\"backingentitytableid\":12675,\"backingentitytablename\":\"smmCampaignTable\",\"backingentitytype\":13086,\"backingentityvaluefieldid\":102,\"backingentityvaluefieldname\":\"terminalId\",\"hashkey\":\"fbad5d73-c9fe-4b22-8346-88765d17�\",\"keyattribute\":65534,\"name\":\"Worker\",\"nameattribute\":3,\"reportcolumnname\":\"ProdGr\",\"translationkeyfieldid\":2,\"translationkeyfieldname\":\"MainAccount\",\"translationlanguageidfieldid\":3,\"translationlanguageidfieldname\":\"LanguageId\",\"translationnamefieldid\":3,\"translationnamefieldname\":\"Name\",\"translationtableid\":13155,\"translationtablename\":\"MainAccountTranslation\",\"valueattribute\":5,\"viewname\":\"DimensionFinancialTag\",\"translationviewkeyfieldname\":\"Key\"},\"nullCount\":{\"Id\":0,\"SinkCreatedOn\":0,\"SinkModifiedOn\":0,\"type\":0,\"usetranslationnamemethod\":0,\"copyvaluesoncreate\":0,\"givederiveddimensionsprecedence\":0,\"isbalancing_psn\":0,\"sysdatastatecode\":0,\"backingentitykeyfieldid\":0,\"backingentitykeyfieldname\":0,\"backingentitytableid\":0,\"backingentitytablename\":0,\"backingentitytype\":0,\"backingentityvaluefieldid\":0,\"backingentityvaluefieldname\":0,\"hashkey\":0,\"keyattribute\":0,\"name\":0,\"nameattribute\":0,\"reportcolumnname\":44,\"translationkeyfieldid\":0,\"translationkeyfieldname\":33,\"translationlanguageidfieldid\":0,\"translationlanguageidfieldname\":33,\"translationnamefieldid\":0,\"translationnamefieldname\":33,\"translationtableid\":0,\"translationtablename\":33,\"valueattribute\":0,\"viewname\":0,\"translationviewkeyfieldname\":32}}","tags":{}}}
