{"commitInfo":{"timestamp":1709759321886,"operation":"WRITE","operationParameters":{"mode":"Overwrite","partitionBy":"[]"},"readVersion":0,"isolationLevel":"SnapshotIsolation","isBlindAppend":false,"operationMetrics":{"numFiles":"1","numOutputRows":"48","numOutputBytes":"28448"},"engineInfo":"Apache-Spark/3.3.1.5.2-117504963 Delta-Lake/2.2.0.10","txnId":"d583f1f4-354e-4e28-8d2b-dec869b68b16"}}
{"add":{"path":"PartitionId=2019/part-00000-c9188c3c-8996-4295-97eb-6571deaa97e1.c000.snappy.parquet","partitionValues":{"PartitionId":"2019"},"size":28448,"modificationTime":1709759321013,"dataChange":false,"stats":"{\"numRecords\":48,\"minValues\":{\"Id\":\"00002c5c-0000-0000-0000-00500100\",\"SinkCreatedOn\":\"2024-03-05T22:43:45.766Z\",\"SinkModifiedOn\":\"2024-03-05T22:43:45.766Z\",\"type\":0,\"usetranslationnamemethod\":0,\"copyvaluesoncreate\":0,\"givederiveddimensionsprecedence\":0,\"isbalancing_psn\":0,\"sysdatastatecode\":0,\"backingentitykeyfieldid\":65534,\"backingentitykeyfieldname\":\"RecId\",\"backingentitytableid\":1,\"backingentitytablename\":\"AgreementHeaderExt_RU\",\"backingentitytype\":550,\"backingentityvaluefieldid\":1,\"backingentityvaluefieldname\":\"AccountID\",\"hashkey\":\"0492f1fd-7b71-41f2-b727-87e86d29\",\"keyattribute\":1,\"name\":\"Agreement\",\"nameattribute\":1,\"reportcolumnname\":\"FE\",\"translationkeyfieldid\":0,\"translationkeyfieldname\":\"DimensionFinancialTag\",\"translationlanguageidfieldid\":0,\"translationlanguageidfieldname\":\"LanguageId\",\"translationnamefieldid\":0,\"translationnamefieldname\":\"Description\",\"translationtableid\":0,\"translationtablename\":\"DimensionFinancialTagTranslation\",\"valueattribute\":3,\"viewname\":\"DimAttributeAgreementHeaderExt_R\",\"translationviewkeyfieldname\":\"Key\"},\"maxValues\":{\"Id\":\"00002c5c-0000-0000-8d00-01410500�\",\"SinkCreatedOn\":\"2024-03-05T22:43:45.766Z\",\"SinkModifiedOn\":\"2024-03-05T22:43:45.766Z\",\"type\":3,\"usetranslationnamemethod\":1,\"copyvaluesoncreate\":0,\"givederiveddimensionsprecedence\":0,\"isbalancing_psn\":0,\"sysdatastatecode\":0,\"backingentitykeyfieldid\":65534,\"backingentitykeyfieldname\":\"RecId\",\"backingentitytableid\":12675,\"backingentitytablename\":\"smmCampaignTable\",\"backingentitytype\":13086,\"backingentityvaluefieldid\":102,\"backingentityvaluefieldname\":\"terminalId\",\"hashkey\":\"fbad5d73-c9fe-4b22-8346-88765d17�\",\"keyattribute\":65534,\"name\":\"Worker\",\"nameattribute\":3,\"reportcolumnname\":\"ProdGr\",\"translationkeyfieldid\":2,\"translationkeyfieldname\":\"MainAccount\",\"translationlanguageidfieldid\":3,\"translationlanguageidfieldname\":\"LanguageId\",\"translationnamefieldid\":3,\"translationnamefieldname\":\"Name\",\"translationtableid\":13155,\"translationtablename\":\"MainAccountTranslation\",\"valueattribute\":5,\"viewname\":\"DimensionFinancialTag\",\"translationviewkeyfieldname\":\"Key\"},\"nullCount\":{\"Id\":0,\"SinkCreatedOn\":0,\"SinkModifiedOn\":0,\"type\":0,\"usetranslationnamemethod\":0,\"copyvaluesoncreate\":0,\"givederiveddimensionsprecedence\":0,\"isbalancing_psn\":0,\"sysdatastatecode\":0,\"backingentitykeyfieldid\":0,\"backingentitykeyfieldname\":0,\"backingentitytableid\":0,\"backingentitytablename\":0,\"backingentitytype\":0,\"backingentityvaluefieldid\":0,\"backingentityvaluefieldname\":0,\"hashkey\":0,\"keyattribute\":0,\"name\":0,\"nameattribute\":0,\"reportcolumnname\":44,\"translationkeyfieldid\":0,\"translationkeyfieldname\":33,\"translationlanguageidfieldid\":0,\"translationlanguageidfieldname\":33,\"translationnamefieldid\":0,\"translationnamefieldname\":33,\"translationtableid\":0,\"translationtablename\":33,\"valueattribute\":0,\"viewname\":0,\"translationviewkeyfieldname\":32}}","tags":{}}}
{"remove":{"path":"PartitionId=2019/part-00000-1e61e8a6-58b2-4022-bb09-f4d96aca7d63.c000.snappy.parquet","deletionTimestamp":1709759321885,"dataChange":false,"extendedFileMetadata":true,"partitionValues":{"PartitionId":"2019"},"size":28448,"tags":{}}}
