{"commitInfo":{"timestamp":1709718871916,"operation":"WRITE","operationParameters":{"mode":"Overwrite","partitionBy":"[]"},"readVersion":6,"isolationLevel":"Serializable","isBlindAppend":false,"operationMetrics":{"numFiles":"1","numOutputRows":"1","numOutputBytes":"2238"},"engineInfo":"Apache-Spark/3.3.1.5.2-117504963 Delta-Lake/2.2.0.10","txnId":"34069adc-917a-49dc-a950-a646b57c77f2"}}
{"add":{"path":"part-00000-b66ebdfa-7776-4dbf-be9c-d4a298897d58-c000.snappy.parquet","partitionValues":{},"size":2238,"modificationTime":1709718870751,"dataChange":true,"stats":"{\"numRecords\":1,\"minValues\":{\"createdonpartition\":\"2024-03-06 09:54.27\"},\"maxValues\":{\"createdonpartition\":\"2024-03-06 09:54.27\"},\"nullCount\":{\"EntityName\":1,\"OptionSetName\":1,\"Option\":1,\"IsUserLocalizedLabel\":1,\"LocalizedLabelLanguageCode\":1,\"LocalizedLabel\":1,\"ExternalValue\":1,\"createdonpartition\":0}}","tags":{}}}
{"remove":{"path":"part-00000-9fd17c69-9da7-4dc7-b0a6-93197356b1fe-c000.snappy.parquet","deletionTimestamp":1709718871915,"dataChange":true,"extendedFileMetadata":true,"partitionValues":{},"size":2238,"tags":{}}}
