{"commitInfo":{"timestamp":1709759521435,"operation":"WRITE","operationParameters":{"mode":"Overwrite","partitionBy":"[]"},"readVersion":8,"isolationLevel":"SnapshotIsolation","isBlindAppend":false,"operationMetrics":{"numFiles":"2","numOutputRows":"1","numOutputBytes":"3346"},"engineInfo":"Apache-Spark/3.3.1.5.2-117504963 Delta-Lake/2.2.0.10","txnId":"257f1244-9b41-4c32-af00-57f3235f125c"}}
{"add":{"path":"part-00004-37eb019d-2150-4bba-91c1-fdf837afa702-c000.snappy.parquet","partitionValues":{},"size":2238,"modificationTime":1709759520592,"dataChange":false,"stats":"{\"numRecords\":1,\"minValues\":{\"createdonpartition\":\"2024-03-06 10:08.44\"},\"maxValues\":{\"createdonpartition\":\"2024-03-06 10:08.44\"},\"nullCount\":{\"EntityName\":1,\"OptionSetName\":1,\"Option\":1,\"IsUserLocalizedLabel\":1,\"LocalizedLabelLanguageCode\":1,\"LocalizedLabel\":1,\"ExternalValue\":1,\"createdonpartition\":0}}","tags":{}}}
{"remove":{"path":"part-00000-139be6b7-8f47-433e-8225-0449e8b473ff-c000.snappy.parquet","deletionTimestamp":1709759521435,"dataChange":false,"extendedFileMetadata":true,"partitionValues":{},"size":2238,"tags":{}}}
