{"commitInfo":{"timestamp":1709714374696,"operation":"WRITE","operationParameters":{"mode":"Overwrite","partitionBy":"[]"},"readVersion":4,"isolationLevel":"Serializable","isBlindAppend":false,"operationMetrics":{"numFiles":"1","numOutputRows":"1","numOutputBytes":"2238"},"engineInfo":"Apache-Spark/3.3.1.5.2-117504963 Delta-Lake/2.2.0.10","txnId":"4b66f91f-e60d-4e04-b9d4-65a667149537"}}
{"add":{"path":"part-00000-9e8c3b49-0982-497b-a9ad-2bc00fd3f8f3-c000.snappy.parquet","partitionValues":{},"size":2238,"modificationTime":1709714370288,"dataChange":true,"stats":"{\"numRecords\":1,\"minValues\":{\"createdonpartition\":\"2024-03-06 08:39.23\"},\"maxValues\":{\"createdonpartition\":\"2024-03-06 08:39.23\"},\"nullCount\":{\"EntityName\":1,\"OptionSetName\":1,\"Option\":1,\"IsUserLocalizedLabel\":1,\"LocalizedLabelLanguageCode\":1,\"LocalizedLabel\":1,\"ExternalValue\":1,\"createdonpartition\":0}}","tags":{}}}
{"remove":{"path":"part-00000-319c7182-bdc4-4e0b-8da7-bc2b4a0f23d3-c000.snappy.parquet","deletionTimestamp":1709714374591,"dataChange":true,"extendedFileMetadata":true,"partitionValues":{},"size":2238,"tags":{}}}
