{"commitInfo":{"timestamp":1709691856568,"operation":"WRITE","operationParameters":{"mode":"Overwrite","partitionBy":"[]"},"readVersion":2,"isolationLevel":"Serializable","isBlindAppend":false,"operationMetrics":{"numFiles":"1","numOutputRows":"1","numOutputBytes":"2237"},"engineInfo":"Apache-Spark/3.3.1.5.2-117504963 Delta-Lake/2.2.0.10","txnId":"7d4b0a0a-8256-4f0c-84e1-a6d1bedbe053"}}
{"add":{"path":"part-00000-50e4b822-14c9-47de-929f-95aa1b3240e2-c000.snappy.parquet","partitionValues":{},"size":2237,"modificationTime":1709691853196,"dataChange":true,"stats":"{\"numRecords\":1,\"minValues\":{\"createdonpartition\":\"2024-03-06 02:24.06\"},\"maxValues\":{\"createdonpartition\":\"2024-03-06 02:24.06\"},\"nullCount\":{\"EntityName\":1,\"OptionSetName\":1,\"Option\":1,\"IsUserLocalizedLabel\":1,\"LocalizedLabelLanguageCode\":1,\"LocalizedLabel\":1,\"ExternalValue\":1,\"createdonpartition\":0}}","tags":{}}}
{"remove":{"path":"part-00000-bdb2042c-4cac-422d-bec1-d59cddb24281-c000.snappy.parquet","deletionTimestamp":1709691856491,"dataChange":true,"extendedFileMetadata":true,"partitionValues":{},"size":2238,"tags":{}}}
