{"commitInfo":{"timestamp":1709678696345,"operation":"WRITE","operationParameters":{"mode":"Overwrite","partitionBy":"[]"},"readVersion":1,"isolationLevel":"Serializable","isBlindAppend":false,"operationMetrics":{"numFiles":"1","numOutputRows":"1","numOutputBytes":"2238"},"engineInfo":"Apache-Spark/3.3.1.5.2-117504963 Delta-Lake/2.2.0.10","txnId":"a7c32c36-495d-4ccc-b32b-cd8a5d6c6bd1"}}
{"add":{"path":"part-00000-bdb2042c-4cac-422d-bec1-d59cddb24281-c000.snappy.parquet","partitionValues":{},"size":2238,"modificationTime":1709678695477,"dataChange":true,"stats":"{\"numRecords\":1,\"minValues\":{\"createdonpartition\":\"2024-03-05 10:44.53\"},\"maxValues\":{\"createdonpartition\":\"2024-03-05 10:44.53\"},\"nullCount\":{\"EntityName\":1,\"OptionSetName\":1,\"Option\":1,\"IsUserLocalizedLabel\":1,\"LocalizedLabelLanguageCode\":1,\"LocalizedLabel\":1,\"ExternalValue\":1,\"createdonpartition\":0}}","tags":{}}}
{"remove":{"path":"part-00000-f961d397-c0b6-4ea3-9c61-fd1ac72383f4-c000.snappy.parquet","deletionTimestamp":1709678696344,"dataChange":true,"extendedFileMetadata":true,"partitionValues":{},"size":2238,"tags":{}}}
