{"commitInfo":{"timestamp":1709717982231,"operation":"WRITE","operationParameters":{"mode":"Overwrite","partitionBy":"[]"},"readVersion":5,"isolationLevel":"Serializable","isBlindAppend":false,"operationMetrics":{"numFiles":"1","numOutputRows":"1","numOutputBytes":"2238"},"engineInfo":"Apache-Spark/3.3.1.5.2-117504963 Delta-Lake/2.2.0.10","txnId":"7ee7f015-2dfd-4287-997c-57e8df5f48c4"}}
{"add":{"path":"part-00000-9fd17c69-9da7-4dc7-b0a6-93197356b1fe-c000.snappy.parquet","partitionValues":{},"size":2238,"modificationTime":1709717980061,"dataChange":true,"stats":"{\"numRecords\":1,\"minValues\":{\"createdonpartition\":\"2024-03-06 09:39.37\"},\"maxValues\":{\"createdonpartition\":\"2024-03-06 09:39.37\"},\"nullCount\":{\"EntityName\":1,\"OptionSetName\":1,\"Option\":1,\"IsUserLocalizedLabel\":1,\"LocalizedLabelLanguageCode\":1,\"LocalizedLabel\":1,\"ExternalValue\":1,\"createdonpartition\":0}}","tags":{}}}
{"remove":{"path":"part-00000-9e8c3b49-0982-497b-a9ad-2bc00fd3f8f3-c000.snappy.parquet","deletionTimestamp":1709717982231,"dataChange":true,"extendedFileMetadata":true,"partitionValues":{},"size":2238,"tags":{}}}
