{"commitInfo":{"timestamp":1709692731497,"operation":"WRITE","operationParameters":{"mode":"Overwrite","partitionBy":"[]"},"readVersion":3,"isolationLevel":"Serializable","isBlindAppend":false,"operationMetrics":{"numFiles":"1","numOutputRows":"1","numOutputBytes":"2238"},"engineInfo":"Apache-Spark/3.3.1.5.2-117504963 Delta-Lake/2.2.0.10","txnId":"fcfc1d6b-95d0-48b3-876d-918a59b6f9d8"}}
{"add":{"path":"part-00000-319c7182-bdc4-4e0b-8da7-bc2b4a0f23d3-c000.snappy.parquet","partitionValues":{},"size":2238,"modificationTime":1709692729318,"dataChange":true,"stats":"{\"numRecords\":1,\"minValues\":{\"createdonpartition\":\"2024-03-06 02:38.47\"},\"maxValues\":{\"createdonpartition\":\"2024-03-06 02:38.47\"},\"nullCount\":{\"EntityName\":1,\"OptionSetName\":1,\"Option\":1,\"IsUserLocalizedLabel\":1,\"LocalizedLabelLanguageCode\":1,\"LocalizedLabel\":1,\"ExternalValue\":1,\"createdonpartition\":0}}","tags":{}}}
{"remove":{"path":"part-00000-50e4b822-14c9-47de-929f-95aa1b3240e2-c000.snappy.parquet","deletionTimestamp":1709692731496,"dataChange":true,"extendedFileMetadata":true,"partitionValues":{},"size":2237,"tags":{}}}
