{"commitInfo":{"timestamp":1709672024469,"operation":"WRITE","operationParameters":{"mode":"ErrorIfExists","partitionBy":"[]"},"isolationLevel":"Serializable","isBlindAppend":true,"operationMetrics":{"numFiles":"1","numOutputRows":"1","numOutputBytes":"2238"},"engineInfo":"Apache-Spark/3.3.1.5.2-117504963 Delta-Lake/2.2.0.10","txnId":"efa58258-5b97-4bc3-8527-8b1f84863950"}}
{"protocol":{"minReaderVersion":1,"minWriterVersion":2}}
{"metaData":{"id":"be710212-8232-443d-a1ff-4f5a94fe3207","format":{"provider":"parquet","options":{}},"schemaString":"{\"type\":\"struct\",\"fields\":[{\"name\":\"EntityName\",\"type\":\"string\",\"nullable\":true,\"metadata\":{}},{\"name\":\"OptionSetName\",\"type\":\"string\",\"nullable\":true,\"metadata\":{}},{\"name\":\"Option\",\"type\":\"long\",\"nullable\":true,\"metadata\":{}},{\"name\":\"IsUserLocalizedLabel\",\"type\":\"boolean\",\"nullable\":true,\"metadata\":{}},{\"name\":\"LocalizedLabelLanguageCode\",\"type\":\"long\",\"nullable\":true,\"metadata\":{}},{\"name\":\"LocalizedLabel\",\"type\":\"string\",\"nullable\":true,\"metadata\":{}},{\"name\":\"ExternalValue\",\"type\":\"string\",\"nullable\":true,\"metadata\":{}},{\"name\":\"createdonpartition\",\"type\":\"string\",\"nullable\":true,\"metadata\":{}}]}","partitionColumns":[],"configuration":{},"createdTime":1709672014395}}
{"add":{"path":"part-00000-3afd3d7f-00a8-4b70-9814-8e876d08eeb9-c000.snappy.parquet","partitionValues":{},"size":2238,"modificationTime":1709672021997,"dataChange":true,"stats":"{\"numRecords\":1,\"minValues\":{\"createdonpartition\":\"2024-03-05 08:53.35\"},\"maxValues\":{\"createdonpartition\":\"2024-03-05 08:53.35\"},\"nullCount\":{\"EntityName\":1,\"OptionSetName\":1,\"Option\":1,\"IsUserLocalizedLabel\":1,\"LocalizedLabelLanguageCode\":1,\"LocalizedLabel\":1,\"ExternalValue\":1,\"createdonpartition\":0}}","tags":{}}}
