{"commitInfo":{"timestamp":1709673837376,"operation":"WRITE","operationParameters":{"mode":"Overwrite","partitionBy":"[]"},"readVersion":0,"isolationLevel":"Serializable","isBlindAppend":false,"operationMetrics":{"numFiles":"1","numOutputRows":"1","numOutputBytes":"2238"},"engineInfo":"Apache-Spark/3.3.1.5.2-117504963 Delta-Lake/2.2.0.10","txnId":"8f1c3cc9-830a-4d04-8671-560ae45cd603"}}
{"add":{"path":"part-00000-f961d397-c0b6-4ea3-9c61-fd1ac72383f4-c000.snappy.parquet","partitionValues":{},"size":2238,"modificationTime":1709673832275,"dataChange":true,"stats":"{\"numRecords\":1,\"minValues\":{\"createdonpartition\":\"2024-03-05 09:23.39\"},\"maxValues\":{\"createdonpartition\":\"2024-03-05 09:23.39\"},\"nullCount\":{\"EntityName\":1,\"OptionSetName\":1,\"Option\":1,\"IsUserLocalizedLabel\":1,\"LocalizedLabelLanguageCode\":1,\"LocalizedLabel\":1,\"ExternalValue\":1,\"createdonpartition\":0}}","tags":{}}}
{"remove":{"path":"part-00000-3afd3d7f-00a8-4b70-9814-8e876d08eeb9-c000.snappy.parquet","deletionTimestamp":1709673837375,"dataChange":true,"extendedFileMetadata":true,"partitionValues":{},"size":2238,"tags":{}}}
