{"commitInfo":{"timestamp":1709719739073,"operation":"WRITE","operationParameters":{"mode":"Overwrite","partitionBy":"[]"},"readVersion":7,"isolationLevel":"Serializable","isBlindAppend":false,"operationMetrics":{"numFiles":"1","numOutputRows":"1","numOutputBytes":"2238"},"engineInfo":"Apache-Spark/3.3.1.5.2-117504963 Delta-Lake/2.2.0.10","txnId":"8c442d25-1d7a-4152-b426-a99f859e3e96"}}
{"add":{"path":"part-00000-139be6b7-8f47-433e-8225-0449e8b473ff-c000.snappy.parquet","partitionValues":{},"size":2238,"modificationTime":1709719736802,"dataChange":true,"stats":"{\"numRecords\":1,\"minValues\":{\"createdonpartition\":\"2024-03-06 10:08.44\"},\"maxValues\":{\"createdonpartition\":\"2024-03-06 10:08.44\"},\"nullCount\":{\"EntityName\":1,\"OptionSetName\":1,\"Option\":1,\"IsUserLocalizedLabel\":1,\"LocalizedLabelLanguageCode\":1,\"LocalizedLabel\":1,\"ExternalValue\":1,\"createdonpartition\":0}}","tags":{}}}
{"remove":{"path":"part-00000-b66ebdfa-7776-4dbf-be9c-d4a298897d58-c000.snappy.parquet","deletionTimestamp":1709719739071,"dataChange":true,"extendedFileMetadata":true,"partitionValues":{},"size":2238,"tags":{}}}
