{"commitInfo":{"timestamp":1709678636637,"operation":"WRITE","operationParameters":{"mode":"ErrorIfExists","partitionBy":"[\"PartitionId\"]"},"isolationLevel":"Serializable","isBlindAppend":true,"operationMetrics":{"numFiles":"1","numOutputRows":"10967","numOutputBytes":"259320"},"engineInfo":"Apache-Spark/3.3.1.5.2-117504963 Delta-Lake/2.2.0.10","txnId":"06bd6095-cbc3-4687-baf7-a506a6a40cae"}}
{"protocol":{"minReaderVersion":1,"minWriterVersion":2}}
{"metaData":{"id":"92833a99-81e3-4bb2-8450-c354cde3efc6","format":{"provider":"parquet","options":{}},"schemaString":"{\"type\":\"struct\",\"fields\":[{\"name\":\"Id\",\"type\":\"string\",\"nullable\":true,\"metadata\":{}},{\"name\":\"SinkCreatedOn\",\"type\":\"timestamp\",\"nullable\":true,\"metadata\":{}},{\"name\":\"SinkModifiedOn\",\"type\":\"timestamp\",\"nullable\":true,\"metadata\":{}},{\"name\":\"pdscwproduct\",\"type\":\"long\",\"nullable\":true,\"metadata\":{}},{\"name\":\"producttype\",\"type\":\"long\",\"nullable\":true,\"metadata\":{}},{\"name\":\"servicetype\",\"type\":\"long\",\"nullable\":true,\"metadata\":{}},{\"name\":\"sysdatastatecode\",\"type\":\"long\",\"nullable\":true,\"metadata\":{}},{\"name\":\"displayproductnumber\",\"type\":\"string\",\"nullable\":true,\"metadata\":{}},{\"name\":\"instancerelationtype\",\"type\":\"long\",\"nullable\":true,\"metadata\":{}},{\"name\":\"searchname\",\"type\":\"string\",\"nullable\":true,\"metadata\":{}},{\"name\":\"engchgproductownerid\",\"type\":\"string\",\"nullable\":true,\"metadata\":{}},{\"name\":\"engchgproductcategorydetails\",\"type\":\"long\",\"nullable\":true,\"metadata\":{}},{\"name\":\"engchgproductreleasepolicy\",\"type\":\"long\",\"nullable\":true,\"metadata\":{}},{\"name\":\"engchgproductreadinesspolicy\",\"type\":\"long\",\"nullable\":true,\"metadata\":{}},{\"name\":\"modifieddatetime\",\"type\":\"timestamp\",\"nullable\":true,\"metadata\":{}},{\"name\":\"modifiedby\",\"type\":\"string\",\"nullable\":true,\"metadata\":{}},{\"name\":\"modifiedtransactionid\",\"type\":\"long\",\"nullable\":true,\"metadata\":{}},{\"name\":\"createddatetime\",\"type\":\"timestamp\",\"nullable\":true,\"metadata\":{}},{\"name\":\"createdby\",\"type\":\"string\",\"nullable\":true,\"metadata\":{}},{\"name\":\"createdtransactionid\",\"type\":\"long\",\"nullable\":true,\"metadata\":{}},{\"name\":\"dataareaid\",\"type\":\"string\",\"nullable\":true,\"metadata\":{}},{\"name\":\"recversion\",\"type\":\"long\",\"nullable\":true,\"metadata\":{}},{\"name\":\"partition\",\"type\":\"long\",\"nullable\":true,\"metadata\":{}},{\"name\":\"sysrowversion\",\"type\":\"long\",\"nullable\":true,\"metadata\":{}},{\"name\":\"recid\",\"type\":\"long\",\"nullable\":true,\"metadata\":{}},{\"name\":\"tableid\",\"type\":\"long\",\"nullable\":true,\"metadata\":{}},{\"name\":\"versionnumber\",\"type\":\"long\",\"nullable\":true,\"metadata\":{}},{\"name\":\"createdon\",\"type\":\"timestamp\",\"nullable\":true,\"metadata\":{}},{\"name\":\"modifiedon\",\"type\":\"timestamp\",\"nullable\":true,\"metadata\":{}},{\"name\":\"IsDelete\",\"type\":\"boolean\",\"nullable\":true,\"metadata\":{}},{\"name\":\"createdonpartition\",\"type\":\"string\",\"nullable\":true,\"metadata\":{}},{\"name\":\"PartitionId\",\"type\":\"string\",\"nullable\":true,\"metadata\":{}}]}","partitionColumns":["PartitionId"],"configuration":{},"createdTime":1709678632483}}
{"add":{"path":"PartitionId=1900/part-00000-34d1de62-9a0f-4699-b45b-0c949dc5cd42.c000.snappy.parquet","partitionValues":{"PartitionId":"1900"},"size":259320,"modificationTime":1709678636493,"dataChange":true,"stats":"{\"numRecords\":10967,\"minValues\":{\"Id\":\"00000e0e-0000-0000-0004-01410500\",\"SinkCreatedOn\":\"2024-03-05T22:43:52.052Z\",\"SinkModifiedOn\":\"2024-03-05T22:43:52.052Z\",\"pdscwproduct\":0,\"producttype\":1,\"servicetype\":0,\"sysdatastatecode\":0,\"displayproductnumber\":\"#Owner\",\"instancerelationtype\":4211,\"searchname\":\" Polypropylene chips\",\"engchgproductcategorydetails\":0,\"engchgproductreleasepolicy\":0,\"engchgproductreadinesspolicy\":0,\"modifieddatetime\":\"1900-01-01T00:00:00.000Z\",\"modifiedby\":\"APRIL\",\"modifiedtransactionid\":0,\"createddatetime\":\"1900-01-01T00:00:00.000Z\",\"createdtransactionid\":0,\"recversion\":0,\"partition\":5637144576,\"sysrowversion\":0,\"recid\":22565421183,\"tableid\":3598,\"versionnumber\":0,\"createdon\":\"1900-01-01T00:00:00.000Z\",\"modifiedon\":\"1900-01-01T00:00:00.000Z\",\"createdonpartition\":\"2024-03-05T21.17.34Z\"},\"maxValues\":{\"Id\":\"00000e0e-0000-0000-ffca-00001000�\",\"SinkCreatedOn\":\"2024-03-05T22:43:52.052Z\",\"SinkModifiedOn\":\"2024-03-05T22:43:52.052Z\",\"pdscwproduct\":1,\"producttype\":2,\"servicetype\":1,\"sysdatastatecode\":0,\"displayproductnumber\":\"WAR-00002\",\"instancerelationtype\":13678,\"searchname\":\"太陽光発電パネル\",\"engchgproductcategorydetails\":0,\"engchgproductreleasepolicy\":0,\"engchgproductreadinesspolicy\":0,\"modifieddatetime\":\"1900-01-01T00:00:00.000Z\",\"modifiedby\":\"silvs\",\"modifiedtransactionid\":0,\"createddatetime\":\"1900-01-01T00:00:00.000Z\",\"createdtransactionid\":0,\"recversion\":1,\"partition\":5637144576,\"sysrowversion\":3344125,\"recid\":68719540394,\"tableid\":3598,\"versionnumber\":3344125,\"createdon\":\"1900-01-01T00:00:00.000Z\",\"modifiedon\":\"1900-01-01T00:00:00.000Z\",\"createdonpartition\":\"2024-03-05T21.17.34Z\"},\"nullCount\":{\"Id\":0,\"SinkCreatedOn\":0,\"SinkModifiedOn\":0,\"pdscwproduct\":0,\"producttype\":0,\"servicetype\":0,\"sysdatastatecode\":0,\"displayproductnumber\":0,\"instancerelationtype\":0,\"searchname\":4,\"engchgproductownerid\":10967,\"engchgproductcategorydetails\":0,\"engchgproductreleasepolicy\":0,\"engchgproductreadinesspolicy\":0,\"modifieddatetime\":0,\"modifiedby\":3646,\"modifiedtransactionid\":0,\"createddatetime\":0,\"createdby\":10967,\"createdtransactionid\":0,\"dataareaid\":10967,\"recversion\":0,\"partition\":0,\"sysrowversion\":0,\"recid\":0,\"tableid\":0,\"versionnumber\":0,\"createdon\":0,\"modifiedon\":0,\"IsDelete\":10967,\"createdonpartition\":0}}","tags":{}}}
