{"commitInfo":{"timestamp":1709759512731,"operation":"WRITE","operationParameters":{"mode":"Overwrite","partitionBy":"[]"},"readVersion":0,"isolationLevel":"SnapshotIsolation","isBlindAppend":false,"operationMetrics":{"numFiles":"1","numOutputRows":"10967","numOutputBytes":"259320"},"engineInfo":"Apache-Spark/3.3.1.5.2-117504963 Delta-Lake/2.2.0.10","txnId":"28885428-2bce-431d-bf2d-8dddbb81668f"}}
{"add":{"path":"PartitionId=1900/part-00000-ea0a12e3-67b8-402c-a8e2-3f8836809c8f.c000.snappy.parquet","partitionValues":{"PartitionId":"1900"},"size":259320,"modificationTime":1709759512050,"dataChange":false,"stats":"{\"numRecords\":10967,\"minValues\":{\"Id\":\"00000e0e-0000-0000-0004-01410500\",\"SinkCreatedOn\":\"2024-03-05T22:43:52.052Z\",\"SinkModifiedOn\":\"2024-03-05T22:43:52.052Z\",\"pdscwproduct\":0,\"producttype\":1,\"servicetype\":0,\"sysdatastatecode\":0,\"displayproductnumber\":\"#Owner\",\"instancerelationtype\":4211,\"searchname\":\" Polypropylene chips\",\"engchgproductcategorydetails\":0,\"engchgproductreleasepolicy\":0,\"engchgproductreadinesspolicy\":0,\"modifieddatetime\":\"1900-01-01T00:00:00.000Z\",\"modifiedby\":\"APRIL\",\"modifiedtransactionid\":0,\"createddatetime\":\"1900-01-01T00:00:00.000Z\",\"createdtransactionid\":0,\"recversion\":0,\"partition\":5637144576,\"sysrowversion\":0,\"recid\":22565421183,\"tableid\":3598,\"versionnumber\":0,\"createdon\":\"1900-01-01T00:00:00.000Z\",\"modifiedon\":\"1900-01-01T00:00:00.000Z\",\"createdonpartition\":\"2024-03-05T21.17.34Z\"},\"maxValues\":{\"Id\":\"00000e0e-0000-0000-ffca-00001000�\",\"SinkCreatedOn\":\"2024-03-05T22:43:52.052Z\",\"SinkModifiedOn\":\"2024-03-05T22:43:52.052Z\",\"pdscwproduct\":1,\"producttype\":2,\"servicetype\":1,\"sysdatastatecode\":0,\"displayproductnumber\":\"WAR-00002\",\"instancerelationtype\":13678,\"searchname\":\"太陽光発電パネル\",\"engchgproductcategorydetails\":0,\"engchgproductreleasepolicy\":0,\"engchgproductreadinesspolicy\":0,\"modifieddatetime\":\"1900-01-01T00:00:00.000Z\",\"modifiedby\":\"silvs\",\"modifiedtransactionid\":0,\"createddatetime\":\"1900-01-01T00:00:00.000Z\",\"createdtransactionid\":0,\"recversion\":1,\"partition\":5637144576,\"sysrowversion\":3344125,\"recid\":68719540394,\"tableid\":3598,\"versionnumber\":3344125,\"createdon\":\"1900-01-01T00:00:00.000Z\",\"modifiedon\":\"1900-01-01T00:00:00.000Z\",\"createdonpartition\":\"2024-03-05T21.17.34Z\"},\"nullCount\":{\"Id\":0,\"SinkCreatedOn\":0,\"SinkModifiedOn\":0,\"pdscwproduct\":0,\"producttype\":0,\"servicetype\":0,\"sysdatastatecode\":0,\"displayproductnumber\":0,\"instancerelationtype\":0,\"searchname\":4,\"engchgproductownerid\":10967,\"engchgproductcategorydetails\":0,\"engchgproductreleasepolicy\":0,\"engchgproductreadinesspolicy\":0,\"modifieddatetime\":0,\"modifiedby\":3646,\"modifiedtransactionid\":0,\"createddatetime\":0,\"createdby\":10967,\"createdtransactionid\":0,\"dataareaid\":10967,\"recversion\":0,\"partition\":0,\"sysrowversion\":0,\"recid\":0,\"tableid\":0,\"versionnumber\":0,\"createdon\":0,\"modifiedon\":0,\"IsDelete\":10967,\"createdonpartition\":0}}","tags":{}}}
{"remove":{"path":"PartitionId=1900/part-00000-34d1de62-9a0f-4699-b45b-0c949dc5cd42.c000.snappy.parquet","deletionTimestamp":1709759512731,"dataChange":false,"extendedFileMetadata":true,"partitionValues":{"PartitionId":"1900"},"size":259320,"tags":{}}}
