{"commitInfo":{"timestamp":1709759493341,"operation":"WRITE","operationParameters":{"mode":"Overwrite","partitionBy":"[]"},"readVersion":0,"isolationLevel":"SnapshotIsolation","isBlindAppend":false,"operationMetrics":{"numFiles":"1","numOutputRows":"15689","numOutputBytes":"372550"},"engineInfo":"Apache-Spark/3.3.1.5.2-117504963 Delta-Lake/2.2.0.10","txnId":"0cfd5dfe-010a-4f8a-980e-9529816a329a"}}
{"add":{"path":"PartitionId=1900/part-00000-c000f231-52d2-4c97-9bb5-7857b3f5a833.c000.snappy.parquet","partitionValues":{"PartitionId":"1900"},"size":372550,"modificationTime":1709759492551,"dataChange":false,"stats":"{\"numRecords\":15689,\"minValues\":{\"Id\":\"00000dd3-0000-0000-0004-01410500\",\"SinkCreatedOn\":\"2024-03-05T22:45:35.902Z\",\"SinkModifiedOn\":\"2024-03-05T22:45:35.902Z\",\"sysdatastatecode\":0,\"description\":\" Exceptional resilience allow yo\",\"languageid\":\"FR\",\"name\":\" Polypropylene chips\",\"product\":22565421183,\"modifieddatetime\":\"1900-01-01T00:00:00.000Z\",\"modifiedby\":\"APRIL\",\"modifiedtransactionid\":0,\"createddatetime\":\"1900-01-01T00:00:00.000Z\",\"createdtransactionid\":0,\"recversion\":0,\"partition\":5637144576,\"sysrowversion\":0,\"recid\":22565421183,\"tableid\":3539,\"versionnumber\":0,\"createdon\":\"1900-01-01T00:00:00.000Z\",\"modifiedon\":\"1900-01-01T00:00:00.000Z\",\"createdonpartition\":\"2024-03-05T21.17.34Z\"},\"maxValues\":{\"Id\":\"00000dd3-0000-0000-ffca-00001000�\",\"SinkCreatedOn\":\"2024-03-05T22:45:35.902Z\",\"SinkModifiedOn\":\"2024-03-05T22:45:35.902Z\",\"sysdatastatecode\":0,\"description\":\"ﾐｯﾄﾞﾚﾝｼﾞ ｽﾋﾟｰｶｰ2\",\"languageid\":\"zh-hans\",\"name\":\"ﾐｯﾄﾞﾚﾝｼﾞ ｽﾋﾟｰｶｰ2\",\"product\":68719540394,\"modifieddatetime\":\"1900-01-01T00:00:00.000Z\",\"modifiedby\":\"silvs\",\"modifiedtransactionid\":0,\"createddatetime\":\"1900-01-01T00:00:00.000Z\",\"createdtransactionid\":0,\"recversion\":1,\"partition\":5637144576,\"sysrowversion\":3344129,\"recid\":68719545332,\"tableid\":3539,\"versionnumber\":3344129,\"createdon\":\"1900-01-01T00:00:00.000Z\",\"modifiedon\":\"1900-01-01T00:00:00.000Z\",\"createdonpartition\":\"2024-03-05T21.17.34Z\"},\"nullCount\":{\"Id\":0,\"SinkCreatedOn\":0,\"SinkModifiedOn\":0,\"sysdatastatecode\":0,\"description\":10099,\"languageid\":0,\"name\":0,\"product\":0,\"modifieddatetime\":0,\"modifiedby\":8157,\"modifiedtransactionid\":0,\"createddatetime\":0,\"createdby\":15689,\"createdtransactionid\":0,\"dataareaid\":15689,\"recversion\":0,\"partition\":0,\"sysrowversion\":0,\"recid\":0,\"tableid\":0,\"versionnumber\":0,\"createdon\":0,\"modifiedon\":0,\"IsDelete\":15689,\"createdonpartition\":0}}","tags":{}}}
{"remove":{"path":"PartitionId=1900/part-00000-d2d68a1d-d9b9-4d55-8348-ffc9fdf47a2c.c000.snappy.parquet","deletionTimestamp":1709759493341,"dataChange":false,"extendedFileMetadata":true,"partitionValues":{"PartitionId":"1900"},"size":372550,"tags":{}}}
