{"commitInfo":{"timestamp":1709678738675,"operation":"WRITE","operationParameters":{"mode":"ErrorIfExists","partitionBy":"[\"PartitionId\"]"},"isolationLevel":"Serializable","isBlindAppend":true,"operationMetrics":{"numFiles":"1","numOutputRows":"15689","numOutputBytes":"372550"},"engineInfo":"Apache-Spark/3.3.1.5.2-117504963 Delta-Lake/2.2.0.10","txnId":"e8b6b687-aaa5-4d00-ba75-ca66813a2458"}}
{"protocol":{"minReaderVersion":1,"minWriterVersion":2}}
{"metaData":{"id":"4fcd5bac-0346-4d40-8b6d-affbc55304b0","format":{"provider":"parquet","options":{}},"schemaString":"{\"type\":\"struct\",\"fields\":[{\"name\":\"Id\",\"type\":\"string\",\"nullable\":true,\"metadata\":{}},{\"name\":\"SinkCreatedOn\",\"type\":\"timestamp\",\"nullable\":true,\"metadata\":{}},{\"name\":\"SinkModifiedOn\",\"type\":\"timestamp\",\"nullable\":true,\"metadata\":{}},{\"name\":\"sysdatastatecode\",\"type\":\"long\",\"nullable\":true,\"metadata\":{}},{\"name\":\"description\",\"type\":\"string\",\"nullable\":true,\"metadata\":{}},{\"name\":\"languageid\",\"type\":\"string\",\"nullable\":true,\"metadata\":{}},{\"name\":\"name\",\"type\":\"string\",\"nullable\":true,\"metadata\":{}},{\"name\":\"product\",\"type\":\"long\",\"nullable\":true,\"metadata\":{}},{\"name\":\"modifieddatetime\",\"type\":\"timestamp\",\"nullable\":true,\"metadata\":{}},{\"name\":\"modifiedby\",\"type\":\"string\",\"nullable\":true,\"metadata\":{}},{\"name\":\"modifiedtransactionid\",\"type\":\"long\",\"nullable\":true,\"metadata\":{}},{\"name\":\"createddatetime\",\"type\":\"timestamp\",\"nullable\":true,\"metadata\":{}},{\"name\":\"createdby\",\"type\":\"string\",\"nullable\":true,\"metadata\":{}},{\"name\":\"createdtransactionid\",\"type\":\"long\",\"nullable\":true,\"metadata\":{}},{\"name\":\"dataareaid\",\"type\":\"string\",\"nullable\":true,\"metadata\":{}},{\"name\":\"recversion\",\"type\":\"long\",\"nullable\":true,\"metadata\":{}},{\"name\":\"partition\",\"type\":\"long\",\"nullable\":true,\"metadata\":{}},{\"name\":\"sysrowversion\",\"type\":\"long\",\"nullable\":true,\"metadata\":{}},{\"name\":\"recid\",\"type\":\"long\",\"nullable\":true,\"metadata\":{}},{\"name\":\"tableid\",\"type\":\"long\",\"nullable\":true,\"metadata\":{}},{\"name\":\"versionnumber\",\"type\":\"long\",\"nullable\":true,\"metadata\":{}},{\"name\":\"createdon\",\"type\":\"timestamp\",\"nullable\":true,\"metadata\":{}},{\"name\":\"modifiedon\",\"type\":\"timestamp\",\"nullable\":true,\"metadata\":{}},{\"name\":\"IsDelete\",\"type\":\"boolean\",\"nullable\":true,\"metadata\":{}},{\"name\":\"createdonpartition\",\"type\":\"string\",\"nullable\":true,\"metadata\":{}},{\"name\":\"PartitionId\",\"type\":\"string\",\"nullable\":true,\"metadata\":{}}]}","partitionColumns":["PartitionId"],"configuration":{},"createdTime":1709678736140}}
{"add":{"path":"PartitionId=1900/part-00000-d2d68a1d-d9b9-4d55-8348-ffc9fdf47a2c.c000.snappy.parquet","partitionValues":{"PartitionId":"1900"},"size":372550,"modificationTime":1709678738586,"dataChange":true,"stats":"{\"numRecords\":15689,\"minValues\":{\"Id\":\"00000dd3-0000-0000-0004-01410500\",\"SinkCreatedOn\":\"2024-03-05T22:45:35.902Z\",\"SinkModifiedOn\":\"2024-03-05T22:45:35.902Z\",\"sysdatastatecode\":0,\"description\":\" Exceptional resilience allow yo\",\"languageid\":\"FR\",\"name\":\" Polypropylene chips\",\"product\":22565421183,\"modifieddatetime\":\"1900-01-01T00:00:00.000Z\",\"modifiedby\":\"APRIL\",\"modifiedtransactionid\":0,\"createddatetime\":\"1900-01-01T00:00:00.000Z\",\"createdtransactionid\":0,\"recversion\":0,\"partition\":5637144576,\"sysrowversion\":0,\"recid\":22565421183,\"tableid\":3539,\"versionnumber\":0,\"createdon\":\"1900-01-01T00:00:00.000Z\",\"modifiedon\":\"1900-01-01T00:00:00.000Z\",\"createdonpartition\":\"2024-03-05T21.17.34Z\"},\"maxValues\":{\"Id\":\"00000dd3-0000-0000-ffca-00001000�\",\"SinkCreatedOn\":\"2024-03-05T22:45:35.902Z\",\"SinkModifiedOn\":\"2024-03-05T22:45:35.902Z\",\"sysdatastatecode\":0,\"description\":\"ﾐｯﾄﾞﾚﾝｼﾞ ｽﾋﾟｰｶｰ2\",\"languageid\":\"zh-hans\",\"name\":\"ﾐｯﾄﾞﾚﾝｼﾞ ｽﾋﾟｰｶｰ2\",\"product\":68719540394,\"modifieddatetime\":\"1900-01-01T00:00:00.000Z\",\"modifiedby\":\"silvs\",\"modifiedtransactionid\":0,\"createddatetime\":\"1900-01-01T00:00:00.000Z\",\"createdtransactionid\":0,\"recversion\":1,\"partition\":5637144576,\"sysrowversion\":3344129,\"recid\":68719545332,\"tableid\":3539,\"versionnumber\":3344129,\"createdon\":\"1900-01-01T00:00:00.000Z\",\"modifiedon\":\"1900-01-01T00:00:00.000Z\",\"createdonpartition\":\"2024-03-05T21.17.34Z\"},\"nullCount\":{\"Id\":0,\"SinkCreatedOn\":0,\"SinkModifiedOn\":0,\"sysdatastatecode\":0,\"description\":10099,\"languageid\":0,\"name\":0,\"product\":0,\"modifieddatetime\":0,\"modifiedby\":8157,\"modifiedtransactionid\":0,\"createddatetime\":0,\"createdby\":15689,\"createdtransactionid\":0,\"dataareaid\":15689,\"recversion\":0,\"partition\":0,\"sysrowversion\":0,\"recid\":0,\"tableid\":0,\"versionnumber\":0,\"createdon\":0,\"modifiedon\":0,\"IsDelete\":15689,\"createdonpartition\":0}}","tags":{}}}
