{"commitInfo":{"timestamp":1709691879253,"operation":"WRITE","operationParameters":{"mode":"ErrorIfExists","partitionBy":"[\"PartitionId\"]"},"isolationLevel":"Serializable","isBlindAppend":true,"operationMetrics":{"numFiles":"0","numOutputRows":"0","numOutputBytes":"0"},"engineInfo":"Apache-Spark/3.3.1.5.2-117504963 Delta-Lake/2.2.0.10","txnId":"9de392bb-e06b-4b5b-8d00-507e374cd3c5"}}
{"protocol":{"minReaderVersion":1,"minWriterVersion":2}}
{"metaData":{"id":"17db7fa0-2599-45f8-a3c2-31431adeb2ea","format":{"provider":"parquet","options":{}},"schemaString":"{\"type\":\"struct\",\"fields\":[{\"name\":\"Id\",\"type\":\"string\",\"nullable\":true,\"metadata\":{}},{\"name\":\"SinkCreatedOn\",\"type\":\"timestamp\",\"nullable\":true,\"metadata\":{}},{\"name\":\"SinkModifiedOn\",\"type\":\"timestamp\",\"nullable\":true,\"metadata\":{}},{\"name\":\"changestatus\",\"type\":\"long\",\"nullable\":true,\"metadata\":{}},{\"name\":\"isactive\",\"type\":\"long\",\"nullable\":true,\"metadata\":{}},{\"name\":\"iscategoryattributesinherited\",\"type\":\"long\",\"nullable\":true,\"metadata\":{}},{\"name\":\"istangible\",\"type\":\"long\",\"nullable\":true,\"metadata\":{}},{\"name\":\"exempt_in\",\"type\":\"long\",\"nullable\":true,\"metadata\":{}},{\"name\":\"nongst_in\",\"type\":\"long\",\"nullable\":true,\"metadata\":{}},{\"name\":\"forcefulllookupsync\",\"type\":\"long\",\"nullable\":true,\"metadata\":{}},{\"name\":\"sysdatastatecode\",\"type\":\"long\",\"nullable\":true,\"metadata\":{}},{\"name\":\"categoryhierarchy\",\"type\":\"long\",\"nullable\":true,\"metadata\":{}},{\"name\":\"code\",\"type\":\"string\",\"nullable\":true,\"metadata\":{}},{\"name\":\"defaultprojectglobalcategory\",\"type\":\"long\",\"nullable\":true,\"metadata\":{}},{\"name\":\"defaultthreshold_psn\",\"type\":\"decimal(38,6)\",\"nullable\":true,\"metadata\":{}},{\"name\":\"instancerelationtype\",\"type\":\"long\",\"nullable\":true,\"metadata\":{}},{\"name\":\"level\",\"type\":\"long\",\"nullable\":true,\"metadata\":{}},{\"name\":\"name\",\"type\":\"string\",\"nullable\":true,\"metadata\":{}},{\"name\":\"nestedsetleft\",\"type\":\"long\",\"nullable\":true,\"metadata\":{}},{\"name\":\"nestedsetright\",\"type\":\"long\",\"nullable\":true,\"metadata\":{}},{\"name\":\"parentcategory\",\"type\":\"long\",\"nullable\":true,\"metadata\":{}},{\"name\":\"pkwiucode\",\"type\":\"string\",\"nullable\":true,\"metadata\":{}},{\"name\":\"hsncodetable_in\",\"type\":\"long\",\"nullable\":true,\"metadata\":{}},{\"name\":\"serviceaccountingcodetable_in\",\"type\":\"long\",\"nullable\":true,\"metadata\":{}},{\"name\":\"displayorder\",\"type\":\"decimal(38,6)\",\"nullable\":true,\"metadata\":{}},{\"name\":\"externalid\",\"type\":\"string\",\"nullable\":true,\"metadata\":{}},{\"name\":\"modifieddatetime\",\"type\":\"timestamp\",\"nullable\":true,\"metadata\":{}},{\"name\":\"modifiedby\",\"type\":\"string\",\"nullable\":true,\"metadata\":{}},{\"name\":\"modifiedtransactionid\",\"type\":\"long\",\"nullable\":true,\"metadata\":{}},{\"name\":\"createddatetime\",\"type\":\"timestamp\",\"nullable\":true,\"metadata\":{}},{\"name\":\"createdby\",\"type\":\"string\",\"nullable\":true,\"metadata\":{}},{\"name\":\"createdtransactionid\",\"type\":\"long\",\"nullable\":true,\"metadata\":{}},{\"name\":\"dataareaid\",\"type\":\"string\",\"nullable\":true,\"metadata\":{}},{\"name\":\"recversion\",\"type\":\"long\",\"nullable\":true,\"metadata\":{}},{\"name\":\"partition\",\"type\":\"long\",\"nullable\":true,\"metadata\":{}},{\"name\":\"sysrowversion\",\"type\":\"long\",\"nullable\":true,\"metadata\":{}},{\"name\":\"recid\",\"type\":\"long\",\"nullable\":true,\"metadata\":{}},{\"name\":\"tableid\",\"type\":\"long\",\"nullable\":true,\"metadata\":{}},{\"name\":\"versionnumber\",\"type\":\"long\",\"nullable\":true,\"metadata\":{}},{\"name\":\"createdon\",\"type\":\"timestamp\",\"nullable\":true,\"metadata\":{}},{\"name\":\"modifiedon\",\"type\":\"timestamp\",\"nullable\":true,\"metadata\":{}},{\"name\":\"IsDelete\",\"type\":\"boolean\",\"nullable\":true,\"metadata\":{}},{\"name\":\"createdonpartition\",\"type\":\"string\",\"nullable\":true,\"metadata\":{}},{\"name\":\"PartitionId\",\"type\":\"string\",\"nullable\":true,\"metadata\":{}}]}","partitionColumns":["PartitionId"],"configuration":{},"createdTime":1709691875574}}
